issue_time,valid_time,horizon_h,model_id,quantiles_json,median,clearsky,kt_now,mode,created_at
2026-08-06 14:00:00,2026-08-06 15:00:00,1,catboost_A_kt,"[730.5698850941653, 764.3372049294586, 779.7113098875204, 799.226010424394, 811.5787621595481]",779.7113098875204,849.9365844726562,0.9383145330196784,replay,2026-09-14T14:28:17
2026-08-06 14:00:00,2026-08-06 16:00:00,2,catboost_A_kt,"[588.9805904694754, 626.0525735156465, 655.055755497105, 684.2506325407675, 701.53779955331]",655.055755497105,720.9224853515625,0.9383145330196784,replay,2026-09-14T14:28:17
2026-08-06 14:00:00,2026-08-06 17:00:00,3,catboost_A_kt,"[423.711552872866, 457.7770204615821, 484.96118664902633, 507.5465904681712, 521.6526824000686]",484.96118664902633,533.4745483398438,0.9383145330196784,replay,2026-09-14T14:28:17
2026-08-07 08:00:00,2026-08-07 09:00:00,1,catboost_A_kt,"[121.13310651545507, 164.85535102479744, 199.41273741959725, 221.53791238134176, 231.76393299005844]",199.41273741959725,221.4274444580078,1.281679211660573,replay,2026-09-14T14:28:17
2026-08-07 08:00:00,2026-08-07 10:00:00,2,catboost_A_kt,"[261.058426619212, 334.8933480409624, 399.63893476424823, 437.3847679157712, 455.0941798561595]",399.63893476424823,456.83984375,1.281679211660573,replay,2026-09-14T14:28:17
2026-08-07 08:00:00,2026-08-07 11:00:00,3,catboost_A_kt,"[383.27480205169206, 501.0021147139732, 573.1470215202161, 616.3454100860857, 640.3323800863221]",573.1470215202161,661.5681762695312,1.281679211660573,replay,2026-09-14T14:28:17
2026-08-07 09:00:00,2026-08-07 10:00:00,1,catboost_A_kt,"[256.9617149742676, 292.4447528762628, 327.60009640611645, 359.41813278185396, 398.50096774274505]",327.60009640611645,456.83984375,0.6819389543111457,replay,2026-09-14T14:28:17
2026-08-07 09:00:00,2026-08-07 11:00:00,2,catboost_A_kt,"[327.35399123550735, 423.58644269658976, 508.5424868428362, 578.256359646185, 614.6015488420292]",508.5424868428362,661.5681762695312,0.6819389543111457,replay,2026-09-14T14:28:17
2026-08-07 09:00:00,2026-08-07 12:00:00,3,catboost_A_kt,"[414.48138321666164, 527.3913841964645, 641.823665641105, 722.247408019001, 758.8456171683035]",641.823665641105,813.0709228515625,0.6819389543111457,replay,2026-09-14T14:28:17
2026-08-07 10:00:00,2026-08-07 11:00:00,1,catboost_A_kt,"[455.62913405350344, 509.36943422675245, 551.7735349737027, 588.614502219541, 612.7405158270323]",551.7735349737027,661.5681762695312,0.7486212140579828,replay,2026-09-14T14:28:17
2026-08-07 10:00:00,2026-08-07 12:00:00,2,catboost_A_kt,"[465.18500828946014, 566.8525336640348, 662.0503389687705, 726.9047469849659, 757.7373516627277]",662.0503389687705,813.0709228515625,0.7486212140579828,replay,2026-09-14T14:28:17
2026-08-07 10:00:00,2026-08-07 13:00:00,3,catboost_A_kt,"[495.18984101601353, 599.7233536842986, 703.5762189417131, 778.9131621759154, 816.9810000877638]",703.5762189417131,898.66943359375,0.7486212140579828,replay,2026-09-14T14:28:17
2026-08-07 11:00:00,2026-08-07 12:00:00,1,catboost_A_kt,"[545.7951114431754, 618.5744246865534, 663.2696013504811, 701.9468719671623, 730.7313246729416]",663.2696013504811,813.0709228515625,0.7300834674852335,replay,2026-09-14T14:28:17
2026-08-07 11:00:00,2026-08-07 13:00:00,2,catboost_A_kt,"[522.0857204260178, 620.3686213145347, 707.0606584712461, 776.7298798745474, 825.3841443033898]",707.0606584712461,898.66943359375,0.7300834674852335,replay,2026-09-14T14:28:17
2026-08-07 11:00:00,2026-08-07 14:00:00,3,catboost_A_kt,"[518.2326474528965, 609.9970513276356, 705.8597855340383, 788.042095548535, 841.8992498313542]",705.8597855340383,911.7406616210938,0.7300834674852335,replay,2026-09-14T14:28:17
2026-08-07 12:00:00,2026-08-07 13:00:00,1,catboost_A_kt,"[766.9716264654678, 805.2034615017508, 826.1784201188058, 845.6581756376225, 866.833459078111]",826.1784201188058,898.66943359375,0.91996892843232,replay,2026-09-14T14:28:17
2026-08-07 12:00:00,2026-08-07 14:00:00,2,catboost_A_kt,"[739.967730401408, 793.9382011322098, 831.5216352939766, 868.9250268658712, 889.2514116955416]",831.5216352939766,911.7406616210938,0.91996892843232,replay,2026-09-14T14:28:17
2026-08-07 12:00:00,2026-08-07 15:00:00,3,catboost_A_kt,"[628.6755466704974, 695.8231663011726, 752.0488341864021, 795.8113034390826, 820.3624072652293]",752.0488341864021,851.2877197265625,0.91996892843232,replay,2026-09-14T14:28:17
2026-08-07 13:00:00,2026-08-07 14:00:00,1,catboost_A_kt,"[828.0257402267583, 846.5584870235001, 861.766310026846, 877.5745099427924, 894.0882165934554]",861.766310026846,911.7406616210938,0.9658724186504216,replay,2026-09-14T14:28:17
2026-08-07 13:00:00,2026-08-07 15:00:00,2,catboost_A_kt,"[738.9483984652306, 778.8098726296431, 802.1432068206994, 830.0509527411275, 847.6268468458588]",802.1432068206994,851.2877197265625,0.9658724186504216,replay,2026-09-14T14:28:17
2026-08-07 13:00:00,2026-08-07 16:00:00,3,catboost_A_kt,"[601.2225768359435, 647.6409777153831, 681.2729858213103, 703.8426555289133, 723.2076705765475]",681.2729858213103,721.9169311523438,0.9658724186504216,replay,2026-09-14T14:28:17
2026-08-07 14:00:00,2026-08-07 15:00:00,1,catboost_A_kt,"[777.0564838639553, 803.866823092965, 821.3173658037343, 840.0033464159402, 852.3171743378518]",821.3173658037343,851.2877197265625,0.9948004184079302,replay,2026-09-14T14:28:17
2026-08-07 14:00:00,2026-08-07 16:00:00,2,catboost_A_kt,"[630.8519607577308, 671.0145797601766, 691.266290620912, 711.9048114439971, 724.7584954700849]",691.266290620912,721.9169311523438,0.9948004184079302,replay,2026-09-14T14:28:17
2026-08-07 14:00:00,2026-08-07 17:00:00,3,catboost_A_kt,"[470.07590108414337, 498.31556547700075, 518.7214415874528, 530.6111609343141, 541.9155107233178]",518.7214415874528,534.0308227539062,0.9948004184079302,replay,2026-09-14T14:28:17
2026-08-08 08:00:00,2026-08-08 09:00:00,1,catboost_A_kt,"[146.88395263909342, 176.27675558727114, 198.4466170083807, 217.35747463404383, 228.11475099156524]",198.4466170083807,222.30752563476562,1.3714342194890317,replay,2026-09-14T14:28:17
2026-08-08 08:00:00,2026-08-08 10:00:00,2,catboost_A_kt,"[260.65472546289055, 334.73743341788406, 386.9630154397992, 430.5271494950298, 449.01347668559055]",386.9630154397992,458.1363220214844,1.3714342194890317,replay,2026-09-14T14:28:17
2026-08-08 08:00:00,2026-08-08 11:00:00,3,catboost_A_kt,"[419.65782649286945, 504.58219163035113, 561.0942208161044, 606.6180648650767, 636.0640026522827]",561.0942208161044,663.145263671875,1.3714342194890317,replay,2026-09-14T14:28:17
2026-08-08 09:00:00,2026-08-08 10:00:00,1,catboost_A_kt,"[334.9072755376718, 364.4675328229391, 391.79028234485776, 410.73571596668046, 427.5008127578778]",391.79028234485776,458.1363220214844,0.8321805346448389,replay,2026-09-14T14:28:17
2026-08-08 09:00:00,2026-08-08 11:00:00,2,catboost_A_kt,"[414.45808149396186, 494.523052452303, 558.6363832094596, 601.4996788065114, 630.1877057813972]",558.6363832094596,663.145263671875,0.8321805346448389,replay,2026-09-14T14:28:17
2026-08-08 09:00:00,2026-08-08 12:00:00,3,catboost_A_kt,"[510.11484349442696, 601.7147477327968, 687.7911860366708, 744.3841680168416, 773.915425454311]",687.7911860366708,814.79443359375,0.8321805346448389,replay,2026-09-14T14:28:17
2026-08-08 10:00:00,2026-08-08 11:00:00,1,catboost_A_kt,"[516.4195484795971, 568.859569762056, 593.8930204059437, 612.627669928291, 630.5867181184719]",593.8930204059437,663.145263671875,0.8731025638635661,replay,2026-09-14T14:28:17
2026-08-08 10:00:00,2026-08-08 12:00:00,2,catboost_A_kt,"[616.4107351748038, 687.0832548026297, 738.9336986535368, 765.6907527891219, 788.0159917465744]",738.9336986535368,814.79443359375,0.8731025638635661,replay,2026-09-14T14:28:17
2026-08-08 10:00:00,2026-08-08 13:00:00,3,catboost_A_kt,"[647.7539752514116, 757.3125687657887, 819.0555340607493, 856.200584205535, 879.2598097383785]",819.0555340607493,900.3998413085938,0.8731025638635661,replay,2026-09-14T14:28:17
2026-08-08 11:00:00,2026-08-08 12:00:00,1,catboost_A_kt,"[719.3061803737822, 747.1328946614288, 759.4149114147875, 787.9525817996839, 795.9502163332222]",759.4149114147875,814.79443359375,0.921366777181156,replay,2026-09-14T14:28:17
2026-08-08 11:00:00,2026-08-08 13:00:00,2,catboost_A_kt,"[763.5388014735074, 813.2217511063985, 846.9221490761212, 866.4305206535392, 886.9772923670581]",846.9221490761212,900.3998413085938,0.921366777181156,replay,2026-09-14T14:28:17
2026-08-08 11:00:00,2026-08-08 14:00:00,3,catboost_A_kt,"[727.6760107381559, 803.7399165403473, 851.1406002528668, 880.7759184338674, 900.1138443875222]",851.1406002528668,913.3397216796875,0.921366777181156,replay,2026-09-14T14:28:17
2026-08-08 12:00:00,2026-08-08 13:00:00,1,catboost_A_kt,"[842.578793855434, 858.2992237983954, 867.4931424671602, 879.2749611055273, 891.7900642032089]",867.4931424671602,900.3998413085938,0.9744789005707428,replay,2026-09-14T14:28:17
2026-08-08 12:00:00,2026-08-08 14:00:00,2,catboost_A_kt,"[807.553387938725, 851.1305689689942, 878.3785680709246, 900.1288162104028, 911.6282077075462]",878.3785680709246,913.3397216796875,0.9744789005707428,replay,2026-09-14T14:28:17
2026-08-08 12:00:00,2026-08-08 15:00:00,3,catboost_A_kt,"[715.9104336708117, 775.6884205377393, 808.9448482875686, 832.1624151946834, 849.5995332249004]",808.9448482875686,852.6272583007812,0.9744789005707428,replay,2026-09-14T14:28:17
2026-08-08 13:00:00,2026-08-08 14:00:00,1,catboost_A_kt,"[835.710299668123, 871.1659319984334, 884.6681889862735, 904.6381462675741, 913.5314351539367]",884.6681889862735,913.3397216796875,0.9695692798318848,replay,2026-09-14T14:28:17
2026-08-08 13:00:00,2026-08-08 15:00:00,2,catboost_A_kt,"[730.7550205351603, 783.859772295251, 810.3223268277626, 838.3588582525849, 852.1497134530753]",810.3223268277626,852.6272583007812,0.9695692798318848,replay,2026-09-14T14:28:17
2026-08-08 13:00:00,2026-08-08 16:00:00,3,catboost_A_kt,"[590.2577397712488, 651.427978023717, 686.7602686115104, 707.3345759505722, 723.3929257471461]",686.7602686115104,722.8880615234375,0.9695692798318848,replay,2026-09-14T14:28:17
2026-08-08 14:00:00,2026-08-08 15:00:00,1,catboost_A_kt,"[700.1557911888365, 743.2725156003814, 775.4743010038499, 808.1616869510772, 823.3897763066317]",775.4743010038499,852.6272583007812,0.938314631945014,replay,2026-09-14T14:28:17
2026-08-08 14:00:00,2026-08-08 16:00:00,2,catboost_A_kt,"[550.2416314994216, 608.3871157242461, 647.3673717699745, 683.3556960054514, 700.3334740344056]",647.3673717699745,722.8880615234375,0.938314631945014,replay,2026-09-14T14:28:17
2026-08-08 14:00:00,2026-08-08 17:00:00,3,catboost_A_kt,"[387.62583525191616, 438.3745123012013, 474.60606012832375, 501.0473777700897, 517.8295573771495]",474.60606012832375,534.5538330078125,0.938314631945014,replay,2026-09-14T14:28:17
2026-08-09 08:00:00,2026-08-09 09:00:00,1,catboost_A_kt,"[174.55040228750283, 200.48853807568966, 212.75592937091503, 226.62745811559034, 235.1851337250919]",212.75592937091503,223.2266082763672,1.3593952472005248,replay,2026-09-14T14:28:17
2026-08-09 08:00:00,2026-08-09 10:00:00,2,catboost_A_kt,"[324.0897698359374, 381.0133717824273, 417.3002456736438, 443.94962412774413, 460.29656158479605]",417.3002456736438,459.4708251953125,1.3593952472005248,replay,2026-09-14T14:28:17
2026-08-09 08:00:00,2026-08-09 11:00:00,3,catboost_A_kt,"[490.4826170725946, 559.4618205596468, 598.6967739554541, 626.5766874250185, 649.4494736200206]",598.6967739554541,664.7540893554688,1.3593952472005248,replay,2026-09-14T14:28:17
2026-08-09 09:00:00,2026-08-09 10:00:00,1,catboost_A_kt,"[384.1831452432972, 402.0732040850816, 417.3884900981553, 431.4912449148556, 445.83574287192374]",417.3884900981553,459.4708251953125,0.8959505589355856,replay,2026-09-14T14:28:17
2026-08-09 09:00:00,2026-08-09 11:00:00,2,catboost_A_kt,"[535.4974035691183, 576.8485060123302, 610.8134521253007, 634.0272724356806, 651.4953830606612]",610.8134521253007,664.7540893554688,0.8959505589355856,replay,2026-09-14T14:28:17
2026-08-09 09:00:00,2026-08-09 12:00:00,3,catboost_A_kt,"[625.271962695062, 700.9970015669104, 745.5617723514795, 775.6225376925296, 798.5358736270501]",745.5617723514795,816.54052734375,0.8959505589355856,replay,2026-09-14T14:28:17
2026-08-09 10:00:00,2026-08-09 11:00:00,1,catboost_A_kt,"[590.337727982401, 616.306506992646, 624.9449307949608, 635.4760884012044, 646.8334068616462]",624.9449307949608,664.7540893554688,0.9489176987594732,replay,2026-09-14T14:28:17
2026-08-09 10:00:00,2026-08-09 12:00:00,2,catboost_A_kt,"[708.4461641899815, 741.3326414069132, 772.1421956799653, 788.3031050238981, 805.7583842715309]",772.1421956799653,816.54052734375,0.9489176987594732,replay,2026-09-14T14:28:17
2026-08-09 10:00:00,2026-08-09 13:00:00,3,catboost_A_kt,"[715.5062785150396, 787.9681890918959, 845.7573775130459, 871.2583933735433, 890.2912146835259]",845.7573775130459,902.1416015625,0.9489176987594732,replay,2026-09-14T14:28:17
2026-08-09 11:00:00,2026-08-09 12:00:00,1,catboost_A_kt,"[763.8291682779386, 777.9543040992578, 785.4088906367721, 805.6811341023546, 816.6034389112784]",785.4088906367721,816.54052734375,0.9838224652109812,replay,2026-09-14T14:28:17
2026-08-09 11:00:00,2026-08-09 13:00:00,2,catboost_A_kt,"[807.7937654988216, 848.2900186099369, 871.4983800303521, 891.3191031183792, 904.9599397474136]",871.4983800303521,902.1416015625,0.9838224652109812,replay,2026-09-14T14:28:17
2026-08-09 11:00:00,2026-08-09 14:00:00,3,catboost_A_kt,"[794.902434360257, 847.0640635967775, 881.1998538027409, 899.0202371650496, 913.8816234622716]",881.1998538027409,914.9378051757812,0.9838224652109812,replay,2026-09-14T14:28:17
2026-08-09 12:00:00,2026-08-09 13:00:00,1,catboost_A_kt,"[809.5547102743947, 835.1694135096212, 854.626452023284, 870.5214895224975, 885.8122369715506]",854.626452023284,902.1416015625,0.9405534463381824,replay,2026-09-14T14:28:17
2026-08-09 12:00:00,2026-08-09 14:00:00,2,catboost_A_kt,"[791.2423466015373, 837.0615138516089, 867.8033254206465, 892.7472446956033, 908.9790312805635]",867.8033254206465,914.9378051757812,0.9405534463381824,replay,2026-09-14T14:28:17
2026-08-09 12:00:00,2026-08-09 15:00:00,3,catboost_A_kt,"[706.6705965948262, 757.0598406259277, 802.9832688265893, 830.3719093473164, 847.7559538373662]",802.9832688265893,853.9534301757812,0.9405534463381824,replay,2026-09-14T14:28:17
2026-08-09 13:00:00,2026-08-09 14:00:00,1,catboost_A_kt,"[713.5962945338533, 797.9548806249892, 831.2367384925323, 859.4800347661665, 883.3535740755827]",831.2367384925323,914.9378051757812,0.8845618243575516,replay,2026-09-14T14:28:17
2026-08-09 13:00:00,2026-08-09 15:00:00,2,catboost_A_kt,"[632.8786321266133, 705.051245358175, 758.0754766454933, 805.1116608641105, 827.9551554354285]",758.0754766454933,853.9534301757812,0.8845618243575516,replay,2026-09-14T14:28:17
2026-08-09 13:00:00,2026-08-09 16:00:00,3,catboost_A_kt,"[560.4516842198517, 611.2791605630207, 658.6103853574693, 690.0449975067222, 714.7249645444818]",658.6103853574693,723.834228515625,0.8845618243575516,replay,2026-09-14T14:28:17
2026-08-09 14:00:00,2026-08-09 15:00:00,1,catboost_A_kt,"[684.4810444242306, 743.7364040207763, 777.4337159425376, 802.7575429390332, 826.778381474974]",777.4337159425376,853.9534301757812,0.9060725057413423,replay,2026-09-14T14:28:17
2026-08-09 14:00:00,2026-08-09 16:00:00,2,catboost_A_kt,"[563.6266250479607, 614.9685551994398, 658.1808435409263, 689.3451147913753, 704.1286675166984]",658.1808435409263,723.834228515625,0.9060725057413423,replay,2026-09-14T14:28:17
2026-08-09 14:00:00,2026-08-09 17:00:00,3,catboost_A_kt,"[414.310103298454, 461.7515119457304, 495.7843986327839, 517.9023476433792, 531.766091197394]",495.7843986327839,535.0423583984375,0.9060725057413423,replay,2026-09-14T14:28:17
2026-08-10 08:00:00,2026-08-10 09:00:00,1,catboost_A_kt,"[143.80746293314093, 178.7347019808569, 201.36644214983394, 219.66985742810093, 230.99363084728125]",201.36644214983394,224.1842041015625,1.2153850806959423,replay,2026-09-14T14:28:17
2026-08-10 08:00:00,2026-08-10 10:00:00,2,catboost_A_kt,"[281.26026906979627, 354.3192397972986, 404.02184744502534, 437.3560959512342, 454.9805926624457]",404.02184744502534,460.8423767089844,1.2153850806959423,replay,2026-09-14T14:28:17
2026-08-10 08:00:00,2026-08-10 11:00:00,3,catboost_A_kt,"[421.76737127861276, 519.7375076994215, 577.0324468811311, 616.3212490177627, 643.2587436098046]",577.0324468811311,666.393310546875,1.2153850806959423,replay,2026-09-14T14:28:17
2026-08-10 09:00:00,2026-08-10 10:00:00,1,catboost_A_kt,"[304.62441190351524, 351.1952015815457, 386.66621939739036, 409.9709305095766, 431.02447274376493]",386.66621939739036,460.8423767089844,0.7627656126778195,replay,2026-09-14T14:28:17
2026-08-10 09:00:00,2026-08-10 11:00:00,2,catboost_A_kt,"[444.1805247888224, 518.1297569466178, 573.4020924002402, 612.7615433635, 638.3401316534951]",573.4020924002402,666.393310546875,0.7627656126778195,replay,2026-09-14T14:28:17
2026-08-10 09:00:00,2026-08-10 12:00:00,3,catboost_A_kt,"[523.4531081595403, 631.5534829936853, 708.5101750801716, 755.0672556211748, 781.1388496553957]",708.5101750801716,818.3074951171875,0.7627656126778195,replay,2026-09-14T14:28:17
2026-08-10 10:00:00,2026-08-10 11:00:00,1,catboost_A_kt,"[440.9048035107437, 500.1526287467881, 544.7518898955177, 583.1508040864435, 610.3434629847113]",544.7518898955177,666.393310546875,0.7290996043957733,replay,2026-09-14T14:28:17
2026-08-10 10:00:00,2026-08-10 12:00:00,2,catboost_A_kt,"[526.8190165939149, 619.8351421544759, 696.9470838677929, 740.559272500177, 767.5307572351448]",696.9470838677929,818.3074951171875,0.7290996043957733,replay,2026-09-14T14:28:17
2026-08-10 10:00:00,2026-08-10 13:00:00,3,catboost_A_kt,"[573.6537728989731, 692.4642768850681, 770.7081815910892, 826.0528975544139, 851.5081458816928]",770.7081815910892,903.8928833007812,0.7290996043957733,replay,2026-09-14T14:28:17
2026-08-10 11:00:00,2026-08-10 12:00:00,1,catboost_A_kt,"[656.1042436753264, 705.0586571044979, 731.9474860922072, 770.4367497751122, 787.7379501342492]",731.9474860922072,818.3074951171875,0.8673556146346458,replay,2026-09-14T14:28:17
2026-08-10 11:00:00,2026-08-10 13:00:00,2,catboost_A_kt,"[671.4182845173424, 748.7360509864567, 810.9270147136297, 845.1044927061666, 871.7643150928976]",810.9270147136297,903.8928833007812,0.8673556146346458,replay,2026-09-14T14:28:17
2026-08-10 11:00:00,2026-08-10 14:00:00,3,catboost_A_kt,"[629.8009292759182, 745.2513320056651, 813.6101746987117, 862.8605499010611, 886.6245325302737]",813.6101746987117,916.533203125,0.8673556146346458,replay,2026-09-14T14:28:17
2026-08-10 12:00:00,2026-08-10 13:00:00,1,catboost_A_kt,"[713.2448020544633, 784.3242367048289, 817.4000257864, 846.5138793673558, 871.2060875225944]",817.4000257864,903.8928833007812,0.9226360483826668,replay,2026-09-14T14:28:17
2026-08-10 12:00:00,2026-08-10 14:00:00,2,catboost_A_kt,"[675.1598737825361, 761.479313983788, 821.1784342433979, 860.8936025818296, 885.5818931594323]",821.1784342433979,916.533203125,0.9226360483826668,replay,2026-09-14T14:28:17
2026-08-10 12:00:00,2026-08-10 15:00:00,3,catboost_A_kt,"[601.2167035315689, 700.7087992149781, 762.0927712410759, 804.3117057494096, 827.8691168147785]",762.0927712410759,855.2645874023438,0.9226360483826668,replay,2026-09-14T14:28:17
2026-08-10 13:00:00,2026-08-10 14:00:00,1,catboost_A_kt,"[662.6759357976034, 754.7205414466629, 800.8063349781507, 844.9562881814529, 868.9054157180951]",800.8063349781507,916.533203125,0.833063303033562,replay,2026-09-14T14:28:17
2026-08-10 13:00:00,2026-08-10 15:00:00,2,catboost_A_kt,"[572.7421944930041, 660.2111275973291, 730.2934823073757, 782.8470709802192, 812.2354693852149]",730.2934823073757,855.2645874023438,0.833063303033562,replay,2026-09-14T14:28:17
2026-08-10 13:00:00,2026-08-10 16:00:00,3,catboost_A_kt,"[492.1979719004588, 573.1671902736505, 635.072878114784, 676.5783682706046, 702.9678021696806]",635.072878114784,724.7540893554688,0.833063303033562,replay,2026-09-14T14:28:17
2026-08-10 14:00:00,2026-08-10 15:00:00,1,catboost_A_kt,"[598.6205790270683, 669.396636402777, 725.7350919931358, 770.0220942797856, 794.1331693749315]",725.7350919931358,855.2645874023438,0.8030260185090817,replay,2026-09-14T14:28:17
2026-08-10 14:00:00,2026-08-10 16:00:00,2,catboost_A_kt,"[495.39094044036347, 563.9166780079101, 621.9827648009135, 661.9821304207666, 686.3749528948265]",621.9827648009135,724.7540893554688,0.8030260185090817,replay,2026-09-14T14:28:17
2026-08-10 14:00:00,2026-08-10 17:00:00,3,catboost_A_kt,"[364.0196375061259, 422.68223504813113, 474.8500705944732, 506.6727929531161, 524.4562700989097]",474.8500705944732,535.4951782226562,0.8030260185090817,replay,2026-09-14T14:28:17
2026-08-11 08:00:00,2026-08-11 09:00:00,1,catboost_A_kt,"[145.26023425668822, 180.19191383551137, 203.57662530114192, 221.35622424371294, 232.68782911291555]",203.57662530114192,225.1798858642578,1.3661404528056778,replay,2026-09-14T14:28:17
2026-08-11 08:00:00,2026-08-11 10:00:00,2,catboost_A_kt,"[277.3874363491955, 352.01903781599543, 403.11943453694283, 438.945693003165, 456.75934672028296]",403.11943453694283,462.25006103515625,1.3661404528056778,replay,2026-09-14T14:28:17
2026-08-11 08:00:00,2026-08-11 11:00:00,3,catboost_A_kt,"[430.6174884420579, 524.1236763471092, 580.8569551196728, 617.8046696639716, 646.1410966094115]",580.8569551196728,668.0616455078125,1.3661404528056778,replay,2026-09-14T14:28:17
2026-08-11 09:00:00,2026-08-11 10:00:00,1,catboost_A_kt,"[305.422807725467, 356.6222141085309, 393.63790392117136, 420.0767711846962, 440.6524780545895]",393.63790392117136,462.25006103515625,0.8171244801499645,replay,2026-09-14T14:28:17
2026-08-11 09:00:00,2026-08-11 11:00:00,2,catboost_A_kt,"[414.0744517684307, 500.0491739375371, 566.6582959345359, 611.8395091259936, 637.1550408574622]",566.6582959345359,668.0616455078125,0.8171244801499645,replay,2026-09-14T14:28:17
2026-08-11 09:00:00,2026-08-11 12:00:00,3,catboost_A_kt,"[514.0943067680398, 624.5072653607258, 705.2870810846443, 751.4985211337575, 786.8685382487724]",705.2870810846443,820.09375,0.8171244801499645,replay,2026-09-14T14:28:17
2026-08-11 10:00:00,2026-08-11 11:00:00,1,catboost_A_kt,"[406.8011798192909, 477.23594591252447, 531.1530781105547, 576.7437148941082, 611.2433811036093]",531.1530781105547,668.0616455078125,0.7506759651966669,replay,2026-09-14T14:28:17
2026-08-11 10:00:00,2026-08-11 12:00:00,2,catboost_A_kt,"[512.3009113197613, 621.2647323610227, 696.2251232595922, 744.1140438627049, 774.8153342794583]",696.2251232595922,820.09375,0.7506759651966669,replay,2026-09-14T14:28:17
2026-08-11 10:00:00,2026-08-11 13:00:00,3,catboost_A_kt,"[556.6108056255886, 690.1872924950899, 783.314951373537, 838.1417844876559, 868.8290313304936]",783.314951373537,905.6519775390625,0.7506759651966669,replay,2026-09-14T14:28:17
2026-08-11 11:00:00,2026-08-11 12:00:00,1,catboost_A_kt,"[645.7486847321969, 698.5813826044938, 728.1070974968211, 754.5242218557813, 777.0060112858183]",728.1070974968211,820.09375,0.8696802071700135,replay,2026-09-14T14:28:17
2026-08-11 11:00:00,2026-08-11 13:00:00,2,catboost_A_kt,"[650.7795038914746, 730.9720934185866, 796.8806459503269, 832.6046626806134, 863.6485624274999]",796.8806459503269,905.6519775390625,0.8696802071700135,replay,2026-09-14T14:28:17
2026-08-11 11:00:00,2026-08-11 14:00:00,3,catboost_A_kt,"[597.0918618533826, 708.2489103290604, 795.3638349423486, 845.907418774364, 875.0668643893879]",795.3638349423486,918.1239624023438,0.8696802071700135,replay,2026-09-14T14:28:17
2026-08-11 12:00:00,2026-08-11 13:00:00,1,catboost_A_kt,"[748.0568307490166, 792.910832321488, 821.0513794789184, 843.7566078388905, 867.4877714895013]",821.0513794789184,905.6519775390625,0.8877033772333993,replay,2026-09-14T14:28:17
2026-08-11 12:00:00,2026-08-11 14:00:00,2,catboost_A_kt,"[697.1251295350652, 770.4937580563516, 826.3018266191928, 861.2029432960804, 884.0897066645878]",826.3018266191928,918.1239624023438,0.8877033772333993,replay,2026-09-14T14:28:17
2026-08-11 12:00:00,2026-08-11 15:00:00,3,catboost_A_kt,"[591.533026396737, 686.0667237642543, 750.9265755121262, 796.1874642301965, 820.2089967012142]",750.9265755121262,856.5589599609375,0.8877033772333993,replay,2026-09-14T14:28:17
2026-08-11 13:00:00,2026-08-11 14:00:00,1,catboost_A_kt,"[765.7642507678341, 811.0833044668764, 840.9108005019195, 868.7279977175299, 890.538202782903]",840.9108005019195,918.1239624023438,0.936342038465784,replay,2026-09-14T14:28:17
2026-08-11 13:00:00,2026-08-11 15:00:00,2,catboost_A_kt,"[662.8360315371672, 726.9440133387883, 777.246619406452, 811.733911678764, 830.1606003955742]",777.246619406452,856.5589599609375,0.936342038465784,replay,2026-09-14T14:28:17
2026-08-11 13:00:00,2026-08-11 16:00:00,3,catboost_A_kt,"[513.1364047540727, 589.3959316564199, 644.7964028365733, 680.7666622628462, 703.1476089470738]",644.7964028365733,725.64599609375,0.936342038465784,replay,2026-09-14T14:28:17
2026-08-11 14:00:00,2026-08-11 15:00:00,1,catboost_A_kt,"[713.8308228424339, 770.9024984302151, 796.6678432729939, 821.2205527455117, 837.3767755804114]",796.6678432729939,856.5589599609375,0.8909472141956524,replay,2026-09-14T14:28:17
2026-08-11 14:00:00,2026-08-11 16:00:00,2,catboost_A_kt,"[561.0067946247083, 619.2887471095255, 660.621620257946, 692.2296199359566, 707.5199125361374]",660.621620257946,725.64599609375,0.8909472141956524,replay,2026-09-14T14:28:17
2026-08-11 14:00:00,2026-08-11 17:00:00,3,catboost_A_kt,"[404.1330977501279, 453.27700070010576, 489.8526838528722, 514.6129191510657, 530.3158479696186]",489.8526838528722,535.9111938476562,0.8909472141956524,replay,2026-09-14T14:28:17
2026-08-12 08:00:00,2026-08-12 09:00:00,1,catboost_A_kt,"[175.51456183622756, 200.97564158964184, 215.4044294427481, 228.89961590719543, 237.47182928306182]",215.4044294427481,226.21322631835938,1.4808992990423786,replay,2026-09-14T14:28:17
2026-08-12 08:00:00,2026-08-12 10:00:00,2,catboost_A_kt,"[313.3451705702625, 374.12666099751266, 416.0253384799335, 445.2437278804593, 461.9509544554719]",416.0253384799335,463.69287109375,1.4808992990423786,replay,2026-09-14T14:28:17
2026-08-12 08:00:00,2026-08-12 11:00:00,3,catboost_A_kt,"[477.0208144768397, 555.0900885590988, 596.4710771816931, 627.0232010599373, 649.1396245807834]",596.4710771816931,669.7576904296875,1.4808992990423786,replay,2026-09-14T14:28:17
2026-08-12 09:00:00,2026-08-12 10:00:00,1,catboost_A_kt,"[418.82319898848095, 437.41134140225296, 449.2956813804851, 458.771837949201, 468.1909801226229]",449.2956813804851,463.69287109375,1.0565252943745942,replay,2026-09-14T14:28:17
2026-08-12 09:00:00,2026-08-12 11:00:00,2,catboost_A_kt,"[577.4668786833562, 606.6130918541617, 628.3973483392344, 650.4007176594125, 667.3009251244249]",628.3973483392344,669.7576904296875,1.0565252943745942,replay,2026-09-14T14:28:17
2026-08-12 09:00:00,2026-08-12 12:00:00,3,catboost_A_kt,"[672.6264938358372, 735.8294551466771, 771.2503656986113, 794.1905837296597, 817.5362411492627]",771.2503656986113,821.8976440429688,1.0565252943745942,replay,2026-09-14T14:28:17
2026-08-12 10:00:00,2026-08-12 11:00:00,1,catboost_A_kt,"[617.4506606601864, 636.3173602042729, 651.5919114379768, 661.2079903905129, 675.0521317345967]",651.5919114379768,669.7576904296875,1.007132164141501,replay,2026-09-14T14:28:17
2026-08-12 10:00:00,2026-08-12 12:00:00,2,catboost_A_kt,"[714.184231874365, 762.5496999705913, 785.2608385220632, 805.4007843700355, 818.6591703590532]",785.2608385220632,821.8976440429688,1.007132164141501,replay,2026-09-14T14:28:17
2026-08-12 10:00:00,2026-08-12 13:00:00,3,catboost_A_kt,"[720.4501951631364, 802.7071444342516, 854.1549591207728, 886.056446969109, 904.8516967251643]",854.1549591207728,907.4169921875,1.007132164141501,replay,2026-09-14T14:28:17
2026-08-12 11:00:00,2026-08-12 12:00:00,1,catboost_A_kt,"[748.5264404759841, 777.2006774661381, 791.77186265626, 805.7981868862812, 820.2521842066105]",791.77186265626,821.8976440429688,0.9690071439005394,replay,2026-09-14T14:28:17
2026-08-12 11:00:00,2026-08-12 13:00:00,2,catboost_A_kt,"[769.7842216211535, 837.0456238748227, 865.0236259262947, 891.0782771679312, 906.1749726350414]",865.0236259262947,907.4169921875,0.9690071439005394,replay,2026-09-14T14:28:17
2026-08-12 11:00:00,2026-08-12 14:00:00,3,catboost_A_kt,"[731.3702674404127, 818.3565809159978, 867.5639113009463, 894.9972252324629, 913.052597252538]",867.5639113009463,919.7083129882812,0.9690071439005394,replay,2026-09-14T14:28:17
2026-08-12 12:00:00,2026-08-12 13:00:00,1,catboost_A_kt,"[797.9675606933231, 844.9970680877626, 866.1481436098619, 886.8617607793736, 902.8873272799107]",866.1481436098619,907.4169921875,0.9636236237385633,replay,2026-09-14T14:28:17
2026-08-12 12:00:00,2026-08-12 14:00:00,2,catboost_A_kt,"[743.6908370132384, 820.8941049569266, 861.7528781058809, 896.1853093260222, 913.3857147483566]",861.7528781058809,919.7083129882812,0.9636236237385633,replay,2026-09-14T14:28:17
2026-08-12 12:00:00,2026-08-12 15:00:00,3,catboost_A_kt,"[654.5631706224628, 737.5811269720353, 793.8110689342498, 825.5151788553684, 848.6923727906984]",793.8110689342498,857.8347778320312,0.9636236237385633,replay,2026-09-14T14:28:17
2026-08-12 13:00:00,2026-08-12 14:00:00,1,catboost_A_kt,"[770.2278491219239, 837.6729516905284, 859.470739183021, 884.683182390247, 903.5732903668167]",859.470739183021,919.7083129882812,0.9510512052175096,replay,2026-09-14T14:28:17
2026-08-12 13:00:00,2026-08-12 15:00:00,2,catboost_A_kt,"[641.9901495624848, 720.7300060034382, 772.4735510228039, 817.8288114595368, 840.9377195575203]",772.4735510228039,857.8347778320312,0.9510512052175096,replay,2026-09-14T14:28:17
2026-08-12 13:00:00,2026-08-12 16:00:00,3,catboost_A_kt,"[549.1816842370529, 617.3248822038264, 666.5326724593953, 697.3750637474666, 719.6549687627926]",666.5326724593953,726.5084838867188,0.9510512052175096,replay,2026-09-14T14:28:17
2026-08-12 14:00:00,2026-08-12 15:00:00,1,catboost_A_kt,"[684.2376523413848, 751.13208711315, 783.544230001215, 816.5098845482146, 833.2449006777457]",783.544230001215,857.8347778320312,0.9002854138840789,replay,2026-09-14T14:28:17
2026-08-12 14:00:00,2026-08-12 16:00:00,2,catboost_A_kt,"[503.6459739449943, 574.5199197963154, 628.3074770328167, 673.3349156345331, 699.5116235916356]",628.3074770328167,726.5084838867188,0.9002854138840789,replay,2026-09-14T14:28:17
2026-08-12 14:00:00,2026-08-12 17:00:00,3,catboost_A_kt,"[389.5114571927791, 439.6175135311535, 482.56113148729384, 510.06170736407284, 528.3679897678096]",482.56113148729384,536.2891235351562,0.9002854138840789,replay,2026-09-14T14:28:17
2026-08-13 08:00:00,2026-08-13 09:00:00,1,catboost_A_kt,"[134.39254634173253, 165.3370493046183, 194.00553561977745, 216.106991334157, 229.0812496687426]",194.00553561977745,227.2837677001953,0.9872864339884956,replay,2026-09-14T14:28:17
2026-08-13 08:00:00,2026-08-13 10:00:00,2,catboost_A_kt,"[256.3766520554242, 332.47640684412806, 391.69756493289765, 435.54864844138984, 454.58004387372847]",391.69756493289765,465.16986083984375,0.9872864339884956,replay,2026-09-14T14:28:17
2026-08-13 08:00:00,2026-08-13 11:00:00,3,catboost_A_kt,"[388.26031817801515, 490.5446213538729, 558.2008910671542, 609.1776901159809, 642.3332497227561]",558.2008910671542,671.4801025390625,0.9872864339884956,replay,2026-09-14T14:28:17
2026-08-13 09:00:00,2026-08-13 10:00:00,1,catboost_A_kt,"[267.7774867814751, 318.2826342114315, 364.77590775270335, 395.235821352751, 421.91850547085966]",364.77590775270335,465.16986083984375,0.6951662406377587,replay,2026-09-14T14:28:17
2026-08-13 09:00:00,2026-08-13 11:00:00,2,catboost_A_kt,"[347.32255951371343, 445.5127601957676, 525.0689899259521, 588.4770949600205, 623.3416351370169]",525.0689899259521,671.4801025390625,0.6951662406377587,replay,2026-09-14T14:28:17
2026-08-13 09:00:00,2026-08-13 12:00:00,3,catboost_A_kt,"[421.0056203754838, 535.8936645922757, 650.5906098649313, 722.1611902722314, 771.0576793503095]",650.5906098649313,823.717529296875,0.6951662406377587,replay,2026-09-14T14:28:17
2026-08-13 10:00:00,2026-08-13 11:00:00,1,catboost_A_kt,"[437.0963569257289, 510.29032261611343, 555.6376573850836, 595.2244224964495, 622.3460638602282]",555.6376573850836,671.4801025390625,0.7782103329265648,replay,2026-09-14T14:28:17
2026-08-13 10:00:00,2026-08-13 12:00:00,2,catboost_A_kt,"[493.657906939416, 609.3199762475001, 689.0368487065659, 740.3189945575217, 774.0765676527287]",689.0368487065659,823.717529296875,0.7782103329265648,replay,2026-09-14T14:28:17
2026-08-13 10:00:00,2026-08-13 13:00:00,3,catboost_A_kt,"[543.1897369623485, 674.4303750855183, 773.2753222526056, 828.1070568780474, 866.5483682179841]",773.2753222526056,909.1860961914062,0.7782103329265648,replay,2026-09-14T14:28:17
2026-08-13 11:00:00,2026-08-13 12:00:00,1,catboost_A_kt,"[599.7335352360385, 677.4634879325856, 718.0049960275529, 753.2236877659029, 777.9604977338554]",718.0049960275529,823.717529296875,0.8637634796185075,replay,2026-09-14T14:28:17
2026-08-13 11:00:00,2026-08-13 13:00:00,2,catboost_A_kt,"[592.917716751862, 689.9462340410113, 778.8070575347152, 823.3978212429487, 859.5042574972788]",778.8070575347152,909.1860961914062,0.8637634796185075,replay,2026-09-14T14:28:17
2026-08-13 11:00:00,2026-08-13 14:00:00,3,catboost_A_kt,"[571.8097438750679, 686.2193941009238, 782.1764298023123, 843.2894542982359, 878.2262277172952]",782.1764298023123,921.284423828125,0.8637634796185075,replay,2026-09-14T14:28:17
2026-08-13 12:00:00,2026-08-13 13:00:00,1,catboost_A_kt,"[655.6553385418828, 741.2705644161044, 786.8450696774966, 829.1850062646148, 858.6290474546504]",786.8450696774966,909.1860961914062,0.8255256840948465,replay,2026-09-14T14:28:17
2026-08-13 12:00:00,2026-08-13 14:00:00,2,catboost_A_kt,"[607.8328810731771, 702.2461182307802, 784.9890946894047, 834.4733463791368, 869.0706876203407]",784.9890946894047,921.284423828125,0.8255256840948465,replay,2026-09-14T14:28:17
2026-08-13 12:00:00,2026-08-13 15:00:00,3,catboost_A_kt,"[530.2922151810891, 645.8388379354384, 727.9898480244892, 785.6012163566448, 821.0737338340311]",727.9898480244892,859.0903930664062,0.8255256840948465,replay,2026-09-14T14:28:17
2026-08-13 13:00:00,2026-08-13 14:00:00,1,catboost_A_kt,"[637.6570352628509, 724.5773534573892, 781.6442333434177, 832.2170836622589, 861.9825748529341]",781.6442333434177,921.284423828125,0.812814868080146,replay,2026-09-14T14:28:17
2026-08-13 13:00:00,2026-08-13 15:00:00,2,catboost_A_kt,"[537.9921785794779, 630.5252232861576, 715.8665843562948, 766.7669452705977, 801.7266892359273]",715.8665843562948,859.0903930664062,0.812814868080146,replay,2026-09-14T14:28:17
2026-08-13 13:00:00,2026-08-13 16:00:00,3,catboost_A_kt,"[444.13262560243396, 538.781154950736, 615.2053254978681, 665.160873571191, 696.5942194467212]",615.2053254978681,727.3400268554688,0.812814868080146,replay,2026-09-14T14:28:17
2026-08-13 14:00:00,2026-08-13 15:00:00,1,catboost_A_kt,"[514.5757519672163, 615.0829700915513, 694.2844875095336, 756.1444364608928, 789.4322307098214]",694.2844875095336,859.0903930664062,0.7522106808551363,replay,2026-09-14T14:28:17
2026-08-13 14:00:00,2026-08-13 16:00:00,2,catboost_A_kt,"[402.5130111709618, 499.1504240521623, 576.2825103325304, 637.8022898684759, 677.6571271602224]",576.2825103325304,727.3400268554688,0.7522106808551363,replay,2026-09-14T14:28:17
2026-08-13 14:00:00,2026-08-13 17:00:00,3,catboost_A_kt,"[316.1970200940758, 369.4648384330681, 437.2659643784947, 485.4994950512674, 510.37672198484853]",437.2659643784947,536.6279296875,0.7522106808551363,replay,2026-09-14T14:28:17
2026-08-14 08:00:00,2026-08-14 09:00:00,1,catboost_A_kt,"[152.0727950181375, 191.80535032630485, 217.1395365305138, 233.99272350452716, 242.89828148196298]",217.1395365305138,228.39097595214844,1.1966738326684063,replay,2026-09-14T14:28:17
2026-08-14 08:00:00,2026-08-14 10:00:00,2,catboost_A_kt,"[304.99869975201455, 374.8810763251901, 422.0725374831442, 453.828644272705, 471.9235457304177]",422.0725374831442,466.6800231933594,1.1966738326684063,replay,2026-09-14T14:28:17
2026-08-14 08:00:00,2026-08-14 11:00:00,3,catboost_A_kt,"[461.2924131431406, 558.3941571003328, 605.2253629464764, 638.4631260992104, 659.0781196250753]",605.2253629464764,673.2274780273438,1.1966738326684063,replay,2026-09-14T14:28:17
2026-08-14 09:00:00,2026-08-14 10:00:00,1,catboost_A_kt,"[344.6558243510576, 385.5963204536804, 411.8745192807758, 430.3066359080826, 449.29992504317676]",411.8745192807758,466.6800231933594,0.8362852313736029,replay,2026-09-14T14:28:17
2026-08-14 09:00:00,2026-08-14 11:00:00,2,catboost_A_kt,"[445.74287727226044, 519.4282988891808, 576.3155665853615, 617.7595271634809, 642.0533304284103]",576.3155665853615,673.2274780273438,0.8362852313736029,replay,2026-09-14T14:28:17
2026-08-14 09:00:00,2026-08-14 12:00:00,3,catboost_A_kt,"[517.1607911248802, 613.9452687554768, 703.3839830814875, 763.482333226982, 788.4640078592315]",703.3839830814875,825.5518188476562,0.8362852313736029,replay,2026-09-14T14:28:17
2026-08-14 10:00:00,2026-08-14 11:00:00,1,catboost_A_kt,"[522.4684952739689, 570.7098124616781, 602.2245633163445, 629.0878835943496, 646.0246567972309]",602.2245633163445,673.2274780273438,0.8206907708845619,replay,2026-09-14T14:28:17
2026-08-14 10:00:00,2026-08-14 12:00:00,2,catboost_A_kt,"[588.167382859045, 674.9087821776053, 733.7392660991934, 772.7969592467952, 797.3779414894736]",733.7392660991934,825.5518188476562,0.8206907708845619,replay,2026-09-14T14:28:17
2026-08-14 10:00:00,2026-08-14 13:00:00,3,catboost_A_kt,"[603.9158282895171, 720.3163844257418, 799.4070045119785, 849.8247152124887, 879.9808558726996]",799.4070045119785,910.9576416015625,0.8206907708845619,replay,2026-09-14T14:28:17
2026-08-14 11:00:00,2026-08-14 12:00:00,1,catboost_A_kt,"[672.5663749918693, 720.4766337596461, 745.838939940087, 772.5603751156627, 785.9627011479703]",745.838939940087,825.5518188476562,0.909053791448148,replay,2026-09-14T14:28:17
2026-08-14 11:00:00,2026-08-14 13:00:00,2,catboost_A_kt,"[658.3473588710167, 744.9526208133631, 805.6444852145337, 843.532891935375, 868.5901951549127]",805.6444852145337,910.9576416015625,0.909053791448148,replay,2026-09-14T14:28:17
2026-08-14 11:00:00,2026-08-14 14:00:00,3,catboost_A_kt,"[599.7454171219422, 709.6382318042185, 788.1354364383025, 841.9130534762975, 874.5434282194175]",788.1354364383025,922.8505249023438,0.909053791448148,replay,2026-09-14T14:28:17
2026-08-14 12:00:00,2026-08-14 13:00:00,1,catboost_A_kt,"[780.7179866900262, 820.7719579589076, 843.811921383803, 859.0932167325427, 869.8232032741266]",843.811921383803,910.9576416015625,0.8963701678665746,replay,2026-09-14T14:28:17
2026-08-14 12:00:00,2026-08-14 14:00:00,2,catboost_A_kt,"[699.3638807960033, 773.5204748965357, 826.8715471688178, 865.2308689853209, 889.5776421107927]",826.8715471688178,922.8505249023438,0.8963701678665746,replay,2026-09-14T14:28:17
2026-08-14 12:00:00,2026-08-14 15:00:00,3,catboost_A_kt,"[621.9988648080739, 693.4188515925877, 757.2228263364387, 796.6618218950866, 823.9653489967769]",757.2228263364387,860.3240356445312,0.8963701678665746,replay,2026-09-14T14:28:17
2026-08-14 13:00:00,2026-08-14 14:00:00,1,catboost_A_kt,"[849.5046321675453, 869.5236220712252, 879.0157177695062, 890.4081372852331, 906.416525098329]",879.0157177695062,922.8505249023438,0.950647944988188,replay,2026-09-14T14:28:17
2026-08-14 13:00:00,2026-08-14 15:00:00,2,catboost_A_kt,"[737.8565177647052, 780.0377416257995, 811.5191892553289, 828.2215613992292, 845.2414045945259]",811.5191892553289,860.3240356445312,0.950647944988188,replay,2026-09-14T14:28:17
2026-08-14 13:00:00,2026-08-14 16:00:00,3,catboost_A_kt,"[584.0067004539986, 636.712010527736, 671.0420805061492, 692.4491875891626, 710.4437110890806]",671.0420805061492,728.1392822265625,0.950647944988188,replay,2026-09-14T14:28:17
2026-08-15 08:00:00,2026-08-15 09:00:00,1,catboost_A_kt,"[98.98048239201448, 110.8398449899164, 137.30973992996329, 175.19622663521764, 197.9818080779253]",137.30973992996329,229.53427124023438,1.276112742938995,replay,2026-09-14T14:28:17
2026-08-15 08:00:00,2026-08-15 10:00:00,2,catboost_A_kt,"[215.80561691263972, 245.3735339326478, 286.14098697179963, 339.72327808024676, 376.51976030889045]",286.14098697179963,468.2222595214844,1.276112742938995,replay,2026-09-14T14:28:17
2026-08-15 08:00:00,2026-08-15 11:00:00,3,catboost_A_kt,"[399.7194288485424, 460.2735727509648, 546.784437149458, 613.8712169745974, 629.7267644511928]",546.784437149458,674.9983520507812,1.276112742938995,replay,2026-09-14T14:28:17
2026-08-15 09:00:00,2026-08-15 10:00:00,1,catboost_A_kt,"[373.3563408583598, 393.6559945968784, 420.0815774729579, 438.9253806490905, 449.5966928632179]",420.0815774729579,468.2222595214844,0.9846024190483652,replay,2026-09-14T14:28:17
2026-08-15 09:00:00,2026-08-15 11:00:00,2,catboost_A_kt,"[481.4667659774968, 553.2894326535156, 610.3416333083742, 638.2938908084523, 650.3117617408496]",610.3416333083742,674.9983520507812,0.9846024190483652,replay,2026-09-14T14:28:17
2026-08-15 09:00:00,2026-08-15 12:00:00,3,catboost_A_kt,"[636.4739696303371, 729.9201318412399, 795.0400859648981, 795.5153102155218, 803.1095059141807]",795.0400859648981,827.398681640625,0.9846024190483652,replay,2026-09-14T14:28:17
2026-08-15 10:00:00,2026-08-15 11:00:00,1,catboost_A_kt,"[568.9327903552382, 602.5705064372198, 618.2534655593184, 640.0182428756567, 649.8282062497544]",618.2534655593184,674.9983520507812,0.8607023265288825,replay,2026-09-14T14:28:17
2026-08-15 10:00:00,2026-08-15 12:00:00,2,catboost_A_kt,"[655.7866125431322, 700.3940625477829, 749.7132118086183, 774.8844557132162, 792.9000782956832]",749.7132118086183,827.398681640625,0.8607023265288825,replay,2026-09-14T14:28:17
2026-08-15 10:00:00,2026-08-15 13:00:00,3,catboost_A_kt,"[689.5104286199413, 755.3719218964866, 811.6769101085948, 860.9607517123296, 879.2919406035271]",811.6769101085948,912.7296752929688,0.8607023265288825,replay,2026-09-14T14:28:17
2026-08-15 11:00:00,2026-08-15 12:00:00,1,catboost_A_kt,"[717.0948496322396, 743.9104189738893, 754.9830654872668, 772.7391807858172, 787.6385867041953]",754.9830654872668,827.398681640625,0.8800021264654875,replay,2026-09-14T14:28:17
2026-08-15 11:00:00,2026-08-15 13:00:00,2,catboost_A_kt,"[755.9557341870253, 797.4310389618804, 841.4387558616266, 866.6732245438418, 885.7549653683038]",841.4387558616266,912.7296752929688,0.8800021264654875,replay,2026-09-14T14:28:17
2026-08-15 11:00:00,2026-08-15 14:00:00,3,catboost_A_kt,"[735.9961186404288, 781.7299939147599, 839.5842562905631, 874.4707512834945, 892.9064597115301]",839.5842562905631,924.4047241210938,0.8800021264654875,replay,2026-09-14T14:28:17
2026-08-15 12:00:00,2026-08-15 13:00:00,1,catboost_A_kt,"[787.558956383698, 824.28487448073, 827.3384057039234, 859.0756656299726, 877.2994611459469]",827.3384057039234,912.7296752929688,0.9185414783591096,replay,2026-09-14T14:28:17
2026-08-15 12:00:00,2026-08-15 14:00:00,2,catboost_A_kt,"[748.4701704757314, 798.7446924064262, 844.9511825430146, 881.0264501391051, 900.3471916090945]",844.9511825430146,924.4047241210938,0.9185414783591096,replay,2026-09-14T14:28:17
2026-08-15 12:00:00,2026-08-15 15:00:00,3,catboost_A_kt,"[639.726575357697, 700.2918249499459, 759.3304301597916, 807.884894789552, 830.8746582451766]",759.3304301597916,861.5341186523438,0.9185414783591096,replay,2026-09-14T14:28:17
2026-08-15 13:00:00,2026-08-15 14:00:00,1,catboost_A_kt,"[822.0027205897158, 844.0922848653835, 858.8823739857761, 877.7534117946067, 892.0067554706512]",858.8823739857761,924.4047241210938,0.9148382258772508,replay,2026-09-14T14:28:17
2026-08-15 13:00:00,2026-08-15 15:00:00,2,catboost_A_kt,"[703.0125938242651, 749.006173812998, 791.1635948621002, 822.7053935520727, 843.0617834448849]",791.1635948621002,861.5341186523438,0.9148382258772508,replay,2026-09-14T14:28:17
2026-08-15 13:00:00,2026-08-15 16:00:00,3,catboost_A_kt,"[586.9542723431642, 631.1911257667492, 675.2244226697977, 698.5010875529483, 716.3808629425057]",675.2244226697977,728.9048461914062,0.9148382258772508,replay,2026-09-14T14:28:17
2026-08-15 14:00:00,2026-08-15 15:00:00,1,catboost_A_kt,"[753.1957396906952, 774.7361203772114, 789.9092069749098, 814.1217475070596, 828.8597713770139]",789.9092069749098,861.5341186523438,0.9595364282842604,replay,2026-09-14T14:28:17
2026-08-15 14:00:00,2026-08-15 16:00:00,2,catboost_A_kt,"[598.2027721256976, 640.2866087489284, 668.7266996811094, 697.070581779195, 714.0296396474305]",668.7266996811094,728.9048461914062,0.9595364282842604,replay,2026-09-14T14:28:17
2026-08-15 14:00:00,2026-08-15 17:00:00,3,catboost_A_kt,"[446.85619158735557, 475.02297207500123, 498.63632328833074, 517.4887978694485, 532.2435990803069]",498.63632328833074,537.1838989257812,0.9595364282842604,replay,2026-09-14T14:28:17
2026-08-16 08:00:00,2026-08-16 09:00:00,1,catboost_A_kt,"[157.88894165482688, 191.6180167698253, 208.86199780628863, 225.67052072815986, 237.57773994784478]",208.86199780628863,230.4208984375,1.2914442564299922,replay,2026-09-14T14:28:17
2026-08-16 08:00:00,2026-08-16 10:00:00,2,catboost_A_kt,"[273.201717644546, 342.54031994917625, 396.2557767754669, 436.3231553110312, 460.0711100084467]",396.2557767754669,469.4271240234375,1.2914442564299922,replay,2026-09-14T14:28:17
2026-08-16 08:00:00,2026-08-16 11:00:00,3,catboost_A_kt,"[370.17292450452493, 483.97449225488805, 560.8945593779314, 609.7639977724876, 642.4109915683791]",560.8945593779314,676.390380859375,1.2914442564299922,replay,2026-09-14T14:28:17
2026-08-16 09:00:00,2026-08-16 10:00:00,1,catboost_A_kt,"[329.9428261540621, 370.6183719738267, 402.64431346729776, 426.0852292954823, 444.79104987975535]",402.64431346729776,469.4271240234375,0.81589819913606,replay,2026-09-14T14:28:17
2026-08-16 09:00:00,2026-08-16 11:00:00,2,catboost_A_kt,"[441.81543368364925, 513.1155738117727, 572.0349749624309, 619.6046997883633, 645.0946938113885]",572.0349749624309,676.390380859375,0.81589819913606,replay,2026-09-14T14:28:17
2026-08-16 09:00:00,2026-08-16 12:00:00,3,catboost_A_kt,"[510.96416714050144, 624.0955375929265, 708.1675633882786, 762.5789350770707, 792.183468244234]",708.1675633882786,828.8397216796875,0.81589819913606,replay,2026-09-14T14:28:17
2026-08-16 10:00:00,2026-08-16 11:00:00,1,catboost_A_kt,"[417.23312191566527, 471.9291080410101, 528.6696484261935, 579.5297992700444, 612.2878622116023]",528.6696484261935,676.390380859375,0.6689004086283898,replay,2026-09-14T14:28:17
2026-08-16 10:00:00,2026-08-16 12:00:00,2,catboost_A_kt,"[451.2829071948396, 556.1060898776823, 651.5136037025253, 719.0526486383803, 760.1930359522254]",651.5136037025253,828.8397216796875,0.6689004086283898,replay,2026-09-14T14:28:17
2026-08-16 10:00:00,2026-08-16 13:00:00,3,catboost_A_kt,"[493.1596007757781, 622.1869514068078, 731.0006822556744, 808.4623069494276, 848.5053657007968]",731.0006822556744,914.0765991210938,0.6689004086283898,replay,2026-09-14T14:28:17
2026-08-16 11:00:00,2026-08-16 12:00:00,1,catboost_A_kt,"[605.2156832998425, 673.0047261877852, 718.3076679366258, 751.5349201923806, 781.0099945244879]",718.3076679366258,828.8397216796875,0.8663636075061697,replay,2026-09-14T14:28:17
2026-08-16 11:00:00,2026-08-16 13:00:00,2,catboost_A_kt,"[577.2442356477553, 682.7707850642869, 772.6115184723643, 827.6717045340008, 861.1422503031763]",772.6115184723643,914.0765991210938,0.8663636075061697,replay,2026-09-14T14:28:17
2026-08-16 11:00:00,2026-08-16 14:00:00,3,catboost_A_kt,"[553.1976124136298, 672.5920488105851, 775.7699828800032, 841.3651319421934, 876.0891390980153]",775.7699828800032,925.5206298828125,0.8663636075061697,replay,2026-09-14T14:28:17
2026-08-16 12:00:00,2026-08-16 13:00:00,1,catboost_A_kt,"[553.6705945485387, 618.4808457841933, 681.3945707749896, 739.2943710835514, 784.745856572675]",681.3945707749896,914.0765991210938,0.8083589606860769,replay,2026-09-14T14:28:17
2026-08-16 12:00:00,2026-08-16 14:00:00,2,catboost_A_kt,"[522.7553430832361, 640.3706891944187, 728.8625500748901, 807.4948323089476, 852.7210426367404]",728.8625500748901,925.5206298828125,0.8083589606860769,replay,2026-09-14T14:28:17
2026-08-16 12:00:00,2026-08-16 15:00:00,3,catboost_A_kt,"[469.32319850457395, 592.0072649212353, 691.2127247017297, 764.4228142242277, 802.9169101747636]",691.2127247017297,862.2993774414062,0.8083589606860769,replay,2026-09-14T14:28:17
2026-08-16 13:00:00,2026-08-16 14:00:00,1,catboost_A_kt,"[581.1783265896275, 654.9430518308751, 723.089496842161, 797.9579461144407, 845.1337869608366]",723.089496842161,925.5206298828125,0.684844118178918,replay,2026-09-14T14:28:17
2026-08-16 13:00:00,2026-08-16 15:00:00,2,catboost_A_kt,"[461.2629617407262, 557.0848603796568, 655.4182353672988, 727.4505789903287, 777.8105166147941]",655.4182353672988,862.2993774414062,0.684844118178918,replay,2026-09-14T14:28:17
2026-08-16 13:00:00,2026-08-16 16:00:00,3,catboost_A_kt,"[379.49605214670623, 470.4620703232704, 559.4239293708438, 629.9713047346418, 670.3100219273566]",559.4239293708438,729.2284545898438,0.684844118178918,replay,2026-09-14T14:28:17
2026-08-16 14:00:00,2026-08-16 15:00:00,1,catboost_A_kt,"[670.0141261062727, 729.6841154175471, 764.46586655655, 798.0424100016369, 821.3552056496792]",764.46586655655,862.2993774414062,0.8524931532760959,replay,2026-09-14T14:28:17
2026-08-16 14:00:00,2026-08-16 16:00:00,2,catboost_A_kt,"[490.4842179514006, 555.8286787568921, 616.428500814443, 661.1536744638571, 690.3611697614487]",616.428500814443,729.2284545898438,0.8524931532760959,replay,2026-09-14T14:28:17
2026-08-16 14:00:00,2026-08-16 17:00:00,3,catboost_A_kt,"[355.68278703350194, 409.57925620497537, 454.4682594516179, 493.7285081703993, 514.6986344772791]",454.4682594516179,537.018310546875,0.8524931532760959,replay,2026-09-14T14:28:17
2026-08-17 08:00:00,2026-08-17 09:00:00,1,catboost_A_kt,"[167.45751898570035, 199.0360575280597, 223.104267722171, 240.33645987908022, 249.81759278864243]",223.104267722171,231.0493621826172,1.0656505447166509,replay,2026-09-14T14:28:17
2026-08-17 08:00:00,2026-08-17 10:00:00,2,catboost_A_kt,"[332.27074292243, 391.36577300550186, 431.7104676952029, 461.57288387933045, 478.651336418449]",431.7104676952029,470.29302978515625,1.0656505447166509,replay,2026-09-14T14:28:17
2026-08-17 08:00:00,2026-08-17 11:00:00,3,catboost_A_kt,"[501.52631964135867, 577.6254550693475, 615.5738265364675, 645.1558091754467, 663.4770679273954]",615.5738265364675,677.4016723632812,1.0656505447166509,replay,2026-09-14T14:28:17
2026-08-17 09:00:00,2026-08-17 10:00:00,1,catboost_A_kt,"[398.3890329613106, 425.87020670080403, 445.7864812812067, 458.1476782615232, 466.41993122313585]",445.7864812812067,470.29302978515625,0.9218809435381222,replay,2026-09-14T14:28:17
2026-08-17 09:00:00,2026-08-17 11:00:00,2,catboost_A_kt,"[521.0857931934733, 582.9157113932005, 625.527270526232, 654.4621869164206, 668.4774650519595]",625.527270526232,677.4016723632812,0.9218809435381222,replay,2026-09-14T14:28:17
2026-08-17 09:00:00,2026-08-17 12:00:00,3,catboost_A_kt,"[614.9858418611516, 696.7166180783445, 761.0578394402185, 792.7881812292133, 811.7733941864864]",761.0578394402185,829.8729248046875,0.9218809435381222,replay,2026-09-14T14:28:17
2026-08-17 10:00:00,2026-08-17 11:00:00,1,catboost_A_kt,"[585.961003547681, 618.7953115678193, 636.3122233234358, 653.3158457772862, 664.7396147954414]",636.3122233234358,677.4016723632812,0.8739232304917869,replay,2026-09-14T14:28:17
2026-08-17 10:00:00,2026-08-17 12:00:00,2,catboost_A_kt,"[672.8020542485277, 729.9220695023624, 771.3865703835986, 792.6059102987302, 814.1228860581209]",771.3865703835986,829.8729248046875,0.8739232304917869,replay,2026-09-14T14:28:17
2026-08-17 10:00:00,2026-08-17 13:00:00,3,catboost_A_kt,"[695.4727805960451, 774.1206422333883, 836.9057059766334, 875.5776547292875, 895.311388398618]",836.9057059766334,914.9964599609375,0.8739232304917869,replay,2026-09-14T14:28:17
2026-08-17 11:00:00,2026-08-17 12:00:00,1,catboost_A_kt,"[724.1538027195352, 754.5441645856909, 763.7426002937563, 792.9312263619335, 806.0873048879304]",763.7426002937563,829.8729248046875,0.9462627968586336,replay,2026-09-14T14:28:17
2026-08-17 11:00:00,2026-08-17 13:00:00,2,catboost_A_kt,"[778.4322450493682, 828.3772152380526, 866.0875226852902, 889.6732336420342, 908.1795526297453]",866.0875226852902,914.9964599609375,0.9462627968586336,replay,2026-09-14T14:28:17
2026-08-17 11:00:00,2026-08-17 14:00:00,3,catboost_A_kt,"[752.6926212366869, 822.7858596904215, 870.3169976943374, 897.3481934759401, 914.6206961096734]",870.3169976943374,926.1964111328125,0.9462627968586336,replay,2026-09-14T14:28:17
2026-08-17 12:00:00,2026-08-17 13:00:00,1,catboost_A_kt,"[707.5461237499726, 742.9174759435243, 778.3177844916617, 809.9885592173507, 830.6096653880613]",778.3177844916617,914.9964599609375,0.9652080267936196,replay,2026-09-14T14:28:17
2026-08-17 12:00:00,2026-08-17 14:00:00,2,catboost_A_kt,"[655.0458747574191, 732.5024510162064, 810.0867594695766, 854.1147975445286, 879.6165249798732]",810.0867594695766,926.1964111328125,0.9652080267936196,replay,2026-09-14T14:28:17
2026-08-17 12:00:00,2026-08-17 15:00:00,3,catboost_A_kt,"[569.2140810290981, 662.2890632014903, 743.1850332398177, 796.7747294496982, 828.0757840885874]",743.1850332398177,862.6182861328125,0.9652080267936196,replay,2026-09-14T14:28:17
2026-08-17 13:00:00,2026-08-17 14:00:00,1,catboost_A_kt,"[631.6558117453048, 690.0521897397081, 735.583724378996, 787.3787830334456, 817.6802001200712]",735.583724378996,926.1964111328125,0.7956314680934362,replay,2026-09-14T14:28:17
2026-08-17 13:00:00,2026-08-17 15:00:00,2,catboost_A_kt,"[557.4421292524815, 639.0358877307616, 716.1412996620408, 771.0115170300597, 799.4342871973421]",716.1412996620408,862.6182861328125,0.7956314680934362,replay,2026-09-14T14:28:17
2026-08-17 13:00:00,2026-08-17 16:00:00,3,catboost_A_kt,"[449.5631119319014, 534.2184961841223, 601.6500692601445, 653.137701959876, 684.0010441084137]",601.6500692601445,729.109130859375,0.7956314680934362,replay,2026-09-14T14:28:17
2026-08-17 14:00:00,2026-08-17 15:00:00,1,catboost_A_kt,"[644.4658661320223, 703.569106825377, 746.0910152815806, 786.3882339525039, 809.858237773054]",746.0910152815806,862.6182861328125,0.8875007495693583,replay,2026-09-14T14:28:17
2026-08-17 14:00:00,2026-08-17 16:00:00,2,catboost_A_kt,"[495.76853679765054, 562.4363254073139, 622.4353723966357, 663.3352266866445, 685.5774448637952]",622.4353723966357,729.109130859375,0.8875007495693583,replay,2026-09-14T14:28:17
2026-08-17 14:00:00,2026-08-17 17:00:00,3,catboost_A_kt,"[360.7351334453203, 421.61889273298397, 464.7453035643565, 495.99114857922467, 513.6414947558094]",464.7453035643565,536.4295043945312,0.8875007495693583,replay,2026-09-14T14:28:17
2026-08-18 08:00:00,2026-08-18 09:00:00,1,catboost_A_kt,"[187.49690755547164, 212.75003967986015, 226.40683722535965, 239.07463417693046, 246.49829608422544]",226.40683722535965,231.7104949951172,1.2389169213277456,replay,2026-09-14T14:28:17
2026-08-18 08:00:00,2026-08-18 10:00:00,2,catboost_A_kt,"[341.96878044785, 394.04216511629005, 436.2148392059385, 461.69906025222684, 478.8973993264919]",436.2148392059385,471.18670654296875,1.2389169213277456,replay,2026-09-14T14:28:17
2026-08-18 08:00:00,2026-08-18 11:00:00,3,catboost_A_kt,"[526.8544129127985, 590.1199944312424, 626.9778880245361, 654.0954124882455, 669.2662378665079]",626.9778880245361,678.431396484375,1.2389169213277456,replay,2026-09-14T14:28:17
2026-08-18 09:00:00,2026-08-18 10:00:00,1,catboost_A_kt,"[379.6265253381789, 407.4032646839545, 429.94891507271007, 444.4412531410601, 459.5345427600893]",429.94891507271007,471.18670654296875,0.9321977614366368,replay,2026-09-14T14:28:17
2026-08-18 09:00:00,2026-08-18 11:00:00,2,catboost_A_kt,"[540.9370958188545, 587.2332655272133, 620.8608825165858, 647.598695780046, 664.2533389631576]",620.8608825165858,678.431396484375,0.9321977614366368,replay,2026-09-14T14:28:17
2026-08-18 09:00:00,2026-08-18 12:00:00,3,catboost_A_kt,"[599.5668995525958, 678.8352006299862, 736.2587674683639, 779.7353143046286, 800.963929260174]",736.2587674683639,830.9131469726562,0.9321977614366368,replay,2026-09-14T14:28:17
2026-08-18 10:00:00,2026-08-18 11:00:00,1,catboost_A_kt,"[540.5019459984104, 586.2187857046508, 617.1373870339465, 637.6406983705662, 655.797113154903]",617.1373870339465,678.431396484375,0.8022297513114636,replay,2026-09-14T14:28:17
2026-08-18 10:00:00,2026-08-18 12:00:00,2,catboost_A_kt,"[647.638097242134, 703.2441084986492, 752.6335971621237, 785.6671817885841, 807.3554230752205]",752.6335971621237,830.9131469726562,0.8022297513114636,replay,2026-09-14T14:28:17
2026-08-18 10:00:00,2026-08-18 13:00:00,3,catboost_A_kt,"[674.2382471717932, 740.765597152108, 818.6403431448734, 865.6391732426838, 886.9492124405892]",818.6403431448734,915.9111938476562,0.8022297513114636,replay,2026-09-14T14:28:17
2026-08-18 11:00:00,2026-08-18 12:00:00,1,catboost_A_kt,"[708.7908985809264, 756.4354170278488, 776.4644181439418, 794.4340039275269, 812.2751996570935]",776.4644181439418,830.9131469726562,0.8563872665439481,replay,2026-09-14T14:28:17
2026-08-18 11:00:00,2026-08-18 13:00:00,2,catboost_A_kt,"[730.2817323060032, 784.6039132017346, 837.1098468512007, 867.9486053740786, 890.6511644846057]",837.1098468512007,915.9111938476562,0.8563872665439481,replay,2026-09-14T14:28:17
2026-08-18 11:00:00,2026-08-18 14:00:00,3,catboost_A_kt,"[728.6020886392677, 790.2389381088022, 847.6481412805573, 889.405177132546, 905.8360879124424]",847.6481412805573,926.85498046875,0.8563872665439481,replay,2026-09-14T14:28:17
2026-08-18 12:00:00,2026-08-18 13:00:00,1,catboost_A_kt,"[710.0866270862731, 771.9392542244326, 817.9027152592217, 848.0150071893976, 877.4146484437595]",817.9027152592217,915.9111938476562,0.7979173030061678,replay,2026-09-14T14:28:17
2026-08-18 12:00:00,2026-08-18 14:00:00,2,catboost_A_kt,"[702.7530655997995, 769.6829108904751, 824.7608714003507, 867.9749436275504, 893.8114218038223]",824.7608714003507,926.85498046875,0.7979173030061678,replay,2026-09-14T14:28:17
2026-08-18 12:00:00,2026-08-18 15:00:00,3,catboost_A_kt,"[637.5371214767747, 707.5198370714091, 772.0868670061392, 820.2838510300139, 840.0275928451499]",772.0868670061392,862.9091186523438,0.7979173030061678,replay,2026-09-14T14:28:17
2026-08-18 13:00:00,2026-08-18 14:00:00,1,catboost_A_kt,"[746.6773105371881, 796.9389385939976, 835.361011601653, 865.1648403115557, 888.1462519275524]",835.361011601653,926.85498046875,0.7948368812014206,replay,2026-09-14T14:28:17
2026-08-18 13:00:00,2026-08-18 15:00:00,2,catboost_A_kt,"[642.1639875813071, 700.7756308164903, 755.9182682358182, 800.7637410158679, 828.6536508879867]",755.9182682358182,862.9091186523438,0.7948368812014206,replay,2026-09-14T14:28:17
2026-08-18 13:00:00,2026-08-18 16:00:00,3,catboost_A_kt,"[541.626389625034, 596.8945806013542, 652.6692917700108, 686.3938478444626, 708.6931171915616]",652.6692917700108,728.9526977539062,0.7948368812014206,replay,2026-09-14T14:28:17
2026-08-18 14:00:00,2026-08-18 15:00:00,1,catboost_A_kt,"[659.3573957282122, 700.2375349359156, 737.4074678331632, 775.8083298376122, 806.555391865715]",737.4074678331632,862.9091186523438,0.8793177227827479,replay,2026-09-14T14:28:17
2026-08-18 14:00:00,2026-08-18 16:00:00,2,catboost_A_kt,"[545.8867783127362, 592.3015863775478, 634.3249211986366, 670.3716292229772, 688.2910354911746]",634.3249211986366,728.9526977539062,0.8793177227827479,replay,2026-09-14T14:28:17
2026-08-18 14:00:00,2026-08-18 17:00:00,3,catboost_A_kt,"[419.5654328907691, 452.62867749021973, 483.441550749966, 509.138896960249, 521.2839396996486]",483.441550749966,535.7977905273438,0.8793177227827479,replay,2026-09-14T14:28:17
2026-08-19 08:00:00,2026-08-19 09:00:00,1,catboost_A_kt,"[53.431925345841464, 70.28429484986088, 110.89608575014613, 173.59828834481092, 213.07905474229068]",110.89608575014613,232.40321350097656,1.348935565786281,replay,2026-09-14T14:28:17
2026-08-19 08:00:00,2026-08-19 10:00:00,2,catboost_A_kt,"[129.36480944696683, 182.2798705491505, 268.01089787549336, 371.0518315201758, 409.29267405586825]",268.01089787549336,472.106689453125,1.348935565786281,replay,2026-09-14T14:28:17
2026-08-19 08:00:00,2026-08-19 11:00:00,3,catboost_A_kt,"[220.86841278785494, 323.072505685574, 424.85932826435, 529.4513194845708, 584.550066984137]",424.85932826435,679.477783203125,1.348935565786281,replay,2026-09-14T14:28:17
2026-08-19 09:00:00,2026-08-19 10:00:00,1,catboost_A_kt,"[326.80405205593127, 370.75989923308384, 405.49472532891565, 431.69372779988555, 451.25801417163785]",405.49472532891565,472.106689453125,0.8648761370528718,replay,2026-09-14T14:28:17
2026-08-19 09:00:00,2026-08-19 11:00:00,2,catboost_A_kt,"[459.6192658759944, 537.6149822087399, 598.127278257661, 636.5220263217751, 655.1325568300488]",598.127278257661,679.477783203125,0.8648761370528718,replay,2026-09-14T14:28:17
2026-08-19 09:00:00,2026-08-19 12:00:00,3,catboost_A_kt,"[544.6647418725012, 639.1188057989356, 721.4288990298782, 773.7715622450074, 798.5187042928573]",721.4288990298782,831.9586181640625,0.8648761370528718,replay,2026-09-14T14:28:17
2026-08-19 10:00:00,2026-08-19 11:00:00,1,catboost_A_kt,"[580.290572411146, 615.9457765121577, 639.8320849179516, 658.0647264715232, 671.543430381582]",639.8320849179516,679.477783203125,0.921401870777992,replay,2026-09-14T14:28:17
2026-08-19 10:00:00,2026-08-19 12:00:00,2,catboost_A_kt,"[664.3180995393743, 731.8135642775075, 773.9678634466067, 802.6049189359104, 818.6574768451055]",773.9678634466067,831.9586181640625,0.921401870777992,replay,2026-09-14T14:28:17
2026-08-19 10:00:00,2026-08-19 13:00:00,3,catboost_A_kt,"[664.6926640683413, 770.2825481895663, 837.530817017579, 873.6351392189646, 897.9114436185403]",837.530817017579,916.8189086914062,0.921401870777992,replay,2026-09-14T14:28:17
2026-08-19 11:00:00,2026-08-19 12:00:00,1,catboost_A_kt,"[689.8480099380321, 744.190356003393, 772.2073972966094, 793.5746973026306, 809.1335930355532]",772.2073972966094,831.9586181640625,0.9183523478087152,replay,2026-09-14T14:28:17
2026-08-19 11:00:00,2026-08-19 13:00:00,2,catboost_A_kt,"[701.3617547691191, 791.6141206123829, 843.4145122191263, 878.5653540901443, 897.8724043122709]",843.4145122191263,916.8189086914062,0.9183523478087152,replay,2026-09-14T14:28:17
2026-08-19 11:00:00,2026-08-19 14:00:00,3,catboost_A_kt,"[664.990066207408, 771.8900714977049, 839.2897334123028, 879.6842666842008, 902.992383302905]",839.2897334123028,927.49462890625,0.9183523478087152,replay,2026-09-14T14:28:17
2026-08-19 12:00:00,2026-08-19 13:00:00,1,catboost_A_kt,"[749.1547981231348, 799.2016632368569, 831.9590503322754, 860.3594620153561, 880.3527468573087]",831.9590503322754,916.8189086914062,0.9062950854747548,replay,2026-09-14T14:28:17
2026-08-19 12:00:00,2026-08-19 14:00:00,2,catboost_A_kt,"[693.9922342199802, 772.534545037066, 832.2814595211559, 870.9934028330646, 894.1239166403841]",832.2814595211559,927.49462890625,0.9062950854747548,replay,2026-09-14T14:28:17
2026-08-19 12:00:00,2026-08-19 15:00:00,3,catboost_A_kt,"[591.7194382537544, 672.8205337898879, 749.8655179536167, 801.3348110290356, 832.5944801582475]",749.8655179536167,863.1702880859375,0.9062950854747548,replay,2026-09-14T14:28:17
2026-08-19 13:00:00,2026-08-19 14:00:00,1,catboost_A_kt,"[807.8424619385157, 844.2150596414423, 864.7012707059275, 885.9430529507403, 903.5073915071363]",864.7012707059275,927.49462890625,0.9412982220755534,replay,2026-09-14T14:28:17
2026-08-19 13:00:00,2026-08-19 15:00:00,2,catboost_A_kt,"[717.7494998171469, 765.4892975318472, 801.4387332130125, 827.221431271178, 845.3896828105144]",801.4387332130125,863.1702880859375,0.9412982220755534,replay,2026-09-14T14:28:17
2026-08-19 13:00:00,2026-08-19 16:00:00,3,catboost_A_kt,"[587.8213475228406, 636.239994781493, 674.4239556164935, 696.7505136465735, 712.7154367907211]",674.4239556164935,728.7581787109375,0.9412982220755534,replay,2026-09-14T14:28:17
2026-08-19 14:00:00,2026-08-19 15:00:00,1,catboost_A_kt,"[714.004817583625, 753.6459059816734, 786.9741775161131, 817.2362816685212, 834.5343732814453]",786.9741775161131,863.1702880859375,0.952027070995728,replay,2026-09-14T14:28:17
2026-08-19 14:00:00,2026-08-19 16:00:00,2,catboost_A_kt,"[539.7467083154099, 600.6047942935254, 646.7973072495657, 683.3675316180434, 703.1529915750345]",646.7973072495657,728.7581787109375,0.952027070995728,replay,2026-09-14T14:28:17
2026-08-19 14:00:00,2026-08-19 17:00:00,3,catboost_A_kt,"[387.19320395058475, 434.27128571701513, 473.00929464339833, 501.40504843181327, 518.5407061837222]",473.00929464339833,535.1226806640625,0.952027070995728,replay,2026-09-14T14:28:17
2026-08-20 08:00:00,2026-08-20 09:00:00,1,catboost_A_kt,"[120.48055452080294, 165.9050453251286, 202.71936427386424, 225.66473251387316, 237.43711021751972]",202.71936427386424,233.1263885498047,1.1295332646913674,replay,2026-09-14T14:28:17
2026-08-20 08:00:00,2026-08-20 10:00:00,2,catboost_A_kt,"[271.9264992248065, 347.26715800019934, 411.39793912675435, 450.844655821375, 467.16753734320974]",411.39793912675435,473.0514221191406,1.1295332646913674,replay,2026-09-14T14:28:17
2026-08-20 08:00:00,2026-08-20 11:00:00,3,catboost_A_kt,"[400.83382118419786, 519.690339047898, 583.9560365018147, 626.736396970487, 656.4467758661893]",583.9560365018147,680.5390014648438,1.1295332646913674,replay,2026-09-14T14:28:17
2026-08-20 09:00:00,2026-08-20 10:00:00,1,catboost_A_kt,"[301.44292477172365, 355.4466549137022, 394.90772721096585, 421.052795053715, 444.2474319545604]",394.90772721096585,473.0514221191406,0.8064295069982311,replay,2026-09-14T14:28:17
2026-08-20 09:00:00,2026-08-20 11:00:00,2,catboost_A_kt,"[386.00550691970426, 479.0731159867487, 554.0787482090714, 610.8046329716607, 639.692213930288]",554.0787482090714,680.5390014648438,0.8064295069982311,replay,2026-09-14T14:28:17
2026-08-20 09:00:00,2026-08-20 12:00:00,3,catboost_A_kt,"[476.69503156329523, 589.9379856156733, 692.9117890169632, 753.2574619127205, 789.8805544839219]",692.9117890169632,833.00732421875,0.8064295069982311,replay,2026-09-14T14:28:17
2026-08-20 10:00:00,2026-08-20 11:00:00,1,catboost_A_kt,"[337.1990253731821, 403.07756647094686, 466.8123017723068, 530.7986927865953, 584.7712662971738]",466.8123017723068,680.5390014648438,0.756788747860216,replay,2026-09-14T14:28:17
2026-08-20 10:00:00,2026-08-20 12:00:00,2,catboost_A_kt,"[442.8154506879322, 550.9265080559813, 656.4435002726306, 732.7242558978347, 768.5676375883663]",656.4435002726306,833.00732421875,0.756788747860216,replay,2026-09-14T14:28:17
2026-08-20 10:00:00,2026-08-20 13:00:00,3,catboost_A_kt,"[501.08026908206995, 636.9077925770309, 753.041830002432, 823.4191771477523, 865.4462881977289]",753.041830002432,917.7177734375,0.756788747860216,replay,2026-09-14T14:28:17
2026-08-20 11:00:00,2026-08-20 12:00:00,1,catboost_A_kt,"[554.0078679828919, 631.1476999305255, 688.0739208973889, 740.4283316863978, 776.5575210407604]",688.0739208973889,833.00732421875,0.7626307896344837,replay,2026-09-14T14:31:38
2026-08-20 11:00:00,2026-08-20 13:00:00,2,catboost_A_kt,"[578.5829892177061, 694.1851999797134, 779.3104619217568, 832.5743675378646, 868.3482488925738]",779.3104619217568,917.7177734375,0.7626307896344837,replay,2026-09-14T14:31:38
2026-08-20 11:00:00,2026-08-20 14:00:00,3,catboost_A_kt,"[529.8353063551979, 657.3038327587892, 759.7386517170046, 832.9069346422955, 872.2442316890753]",759.7386517170046,928.1137084960938,0.7626307896344837,replay,2026-09-14T14:31:38
2026-08-20 12:00:00,2026-08-20 13:00:00,1,catboost_A_kt,"[723.9472268240611, 779.8313200371966, 815.1325742079556, 844.7709837831279, 871.5114698049847]",815.1325742079556,917.7177734375,0.8679395438618606,replay,2026-09-14T14:28:17
2026-08-20 12:00:00,2026-08-20 14:00:00,2,catboost_A_kt,"[663.9733807257784, 747.3649330669926, 816.3735319613992, 857.8691148543703, 886.6189177608097]",816.3735319613992,928.1137084960938,0.8679395438618606,replay,2026-09-14T14:28:17
2026-08-20 12:00:00,2026-08-20 15:00:00,3,catboost_A_kt,"[565.4293257850802, 670.7325150541429, 745.081419103898, 797.5104924701025, 825.2086860571675]",745.081419103898,863.4005737304688,0.8679395438618606,replay,2026-09-14T14:28:17
2026-08-20 13:00:00,2026-08-20 14:00:00,1,catboost_A_kt,"[755.3115520868308, 821.6082018366052, 852.4085846006515, 883.6716992774425, 902.3451623175839]",852.4085846006515,928.1137084960938,0.922941724836577,replay,2026-09-14T14:28:17
2026-08-20 13:00:00,2026-08-20 15:00:00,2,catboost_A_kt,"[652.090231236955, 723.2293934733789, 779.9179999782621, 816.3171802475725, 837.209775018282]",779.9179999782621,863.4005737304688,0.922941724836577,replay,2026-09-14T14:28:17
2026-08-20 13:00:00,2026-08-20 16:00:00,3,catboost_A_kt,"[516.0741606121613, 600.4857496831024, 655.0077357539425, 691.1259248073994, 713.4214877347553]",655.0077357539425,728.5245971679688,0.922941724836577,replay,2026-09-14T14:28:17
2026-08-21 08:00:00,2026-08-21 09:00:00,1,catboost_A_kt,"[202.42141320987616, 226.10266195269105, 231.4665232291067, 244.08735100160766, 250.45675472827796]",231.4665232291067,233.87876892089844,1.384759695631411,replay,2026-09-14T14:28:17
2026-08-21 08:00:00,2026-08-21 10:00:00,2,catboost_A_kt,"[406.4394751530381, 430.2987747672989, 449.30129421482087, 470.79531273835937, 487.6181978215129]",449.30129421482087,474.0192565917969,1.384759695631411,replay,2026-09-14T14:28:17
2026-08-21 08:00:00,2026-08-21 11:00:00,3,catboost_A_kt,"[595.1607563548464, 632.0765420792903, 644.9772769029227, 663.820020463615, 679.9588387880693]",644.9772769029227,681.61328125,1.384759695631411,replay,2026-09-14T14:28:17
2026-08-21 09:00:00,2026-08-21 10:00:00,1,catboost_A_kt,"[399.5759452386917, 413.1341552906847, 425.5890584245643, 437.7112320434446, 448.0040315330248]",425.5890584245643,474.0192565917969,0.8850739445717304,replay,2026-09-14T14:28:17
2026-08-21 09:00:00,2026-08-21 11:00:00,2,catboost_A_kt,"[562.0805728667345, 588.3068963301148, 620.1340392387125, 636.2268082554159, 656.2060382054574]",620.1340392387125,681.61328125,0.8850739445717304,replay,2026-09-14T14:28:17
2026-08-21 09:00:00,2026-08-21 12:00:00,3,catboost_A_kt,"[641.4427847626409, 706.7783348778513, 748.5900228978411, 784.2888641533553, 804.5717773031224]",748.5900228978411,834.0574340820312,0.8850739445717304,replay,2026-09-14T14:28:17
2026-08-21 10:00:00,2026-08-21 11:00:00,1,catboost_A_kt,"[623.1910632918347, 627.9381150042939, 636.6187262875309, 644.6875043561319, 652.3100763997007]",636.6187262875309,681.61328125,0.8754918415851566,replay,2026-09-14T14:28:17
2026-08-21 10:00:00,2026-08-21 12:00:00,2,catboost_A_kt,"[721.5810186570534, 744.8418087845977, 776.6052770893418, 792.8209539677023, 815.6038667947582]",776.6052770893418,834.0574340820312,0.8754918415851566,replay,2026-09-14T14:28:17
2026-08-21 10:00:00,2026-08-21 13:00:00,3,catboost_A_kt,"[787.5171568463311, 814.8935640396018, 848.169530110787, 876.2846281412327, 894.3519791846136]",848.169530110787,918.6058959960938,0.8754918415851566,replay,2026-09-14T14:28:17
2026-08-21 11:00:00,2026-08-21 12:00:00,1,catboost_A_kt,"[787.9261636360052, 796.3446678594817, 798.7078097336525, 813.6185383606302, 816.042635788791]",798.7078097336525,834.0574340820312,0.9418830709672192,replay,2026-09-14T14:28:17
2026-08-21 11:00:00,2026-08-21 13:00:00,2,catboost_A_kt,"[864.9399993192649, 873.4937473172035, 892.8794176381244, 906.364369941099, 919.2009452231831]",892.8794176381244,918.6058959960938,0.9418830709672192,replay,2026-09-14T14:28:17
2026-08-21 11:00:00,2026-08-21 14:00:00,3,catboost_A_kt,"[831.1977232082904, 860.5706254090576, 889.3396509906729, 913.3207231313206, 925.4780986908211]",889.3396509906729,928.7106323242188,0.9418830709672192,replay,2026-09-14T14:28:17
2026-08-21 12:00:00,2026-08-21 13:00:00,1,catboost_A_kt,"[860.9644882622165, 877.2964440813503, 883.4903179113484, 887.5649603113012, 896.0459652584574]",883.4903179113484,918.6058959960938,0.9483759581766632,replay,2026-09-14T14:28:17
2026-08-21 12:00:00,2026-08-21 14:00:00,2,catboost_A_kt,"[834.3517935744039, 870.4979085751246, 891.3263345014628, 909.3182601430562, 922.1108117821507]",891.3263345014628,928.7106323242188,0.9483759581766632,replay,2026-09-14T14:28:17
2026-08-21 12:00:00,2026-08-21 15:00:00,3,catboost_A_kt,"[741.6543657037594, 778.3449232132276, 817.7171925534517, 845.791297522855, 860.1743728432508]",817.7171925534517,863.5986328125,0.9483759581766632,replay,2026-09-14T14:28:17
2026-08-21 13:00:00,2026-08-21 14:00:00,1,catboost_A_kt,"[849.41217622731, 879.0101666899316, 885.6863190790335, 894.6344318329321, 908.8487685112977]",885.6863190790335,928.7106323242188,0.9470873194636678,replay,2026-09-14T14:28:17
2026-08-21 13:00:00,2026-08-21 15:00:00,2,catboost_A_kt,"[769.9722904945561, 803.2436923915385, 824.5090736307194, 846.2129421947611, 861.5967496212699]",824.5090736307194,863.5986328125,0.9470873194636678,replay,2026-09-14T14:28:17
2026-08-21 13:00:00,2026-08-21 16:00:00,3,catboost_A_kt,"[669.6100448717112, 691.384821934794, 710.7795104437308, 720.1947752537528, 732.040831227822]",710.7795104437308,728.2510375976562,0.9470873194636678,replay,2026-09-14T14:28:17
2026-08-21 14:00:00,2026-08-21 15:00:00,1,catboost_A_kt,"[764.7956413923512, 772.3652001275834, 791.5271921102768, 814.0211409858459, 831.755191227158]",791.5271921102768,863.5986328125,0.9238614962234016,replay,2026-09-14T14:28:17
2026-08-21 14:00:00,2026-08-21 16:00:00,2,catboost_A_kt,"[615.2076058367124, 653.5763362900901, 677.6831866464217, 699.57874001107, 713.637584078115]",677.6831866464217,728.2510375976562,0.9238614962234016,replay,2026-09-14T14:28:17
2026-08-21 14:00:00,2026-08-21 17:00:00,3,catboost_A_kt,"[457.1349988146743, 478.8435770973094, 503.0744894791339, 516.8203233772978, 529.2812997785533]",503.0744894791339,533.6405029296875,0.9238614962234016,replay,2026-09-14T14:28:17
2026-08-22 08:00:00,2026-08-22 09:00:00,1,catboost_A_kt,"[205.7883705504949, 228.49443091472588, 237.02473765608417, 248.64705837284893, 255.30040636585318]",237.02473765608417,234.65904235839844,1.342852450717941,replay,2026-09-14T14:28:17
2026-08-22 08:00:00,2026-08-22 10:00:00,2,catboost_A_kt,"[407.1396130435097, 435.34691659180885, 454.04412686410416, 475.6622913004424, 491.66727233148424]",454.04412686410416,475.0085144042969,1.342852450717941,replay,2026-09-14T14:28:17
2026-08-22 08:00:00,2026-08-22 11:00:00,3,catboost_A_kt,"[582.879427761659, 630.889619490564, 647.072617995968, 666.4838820220336, 681.4425656488048]",647.072617995968,682.6986694335938,1.342852450717941,replay,2026-09-14T14:28:17
2026-08-22 09:00:00,2026-08-22 10:00:00,1,catboost_A_kt,"[413.33205329324767, 423.5219489133508, 438.9780840507435, 449.3128217980618, 458.9082462756045]",438.9780840507435,475.0085144042969,0.8906539369864054,replay,2026-09-14T14:28:17
2026-08-22 09:00:00,2026-08-22 11:00:00,2,catboost_A_kt,"[573.1034544579501, 602.2288874991862, 626.8963771049905, 641.5046973765953, 658.2956981608144]",626.8963771049905,682.6986694335938,0.8906539369864054,replay,2026-09-14T14:28:17
2026-08-22 09:00:00,2026-08-22 12:00:00,3,catboost_A_kt,"[643.0075445978476, 705.6387812638711, 748.8501568868064, 789.4386235499296, 805.6628546616039]",748.8501568868064,835.10693359375,0.8906539369864054,replay,2026-09-14T14:28:17
2026-08-22 10:00:00,2026-08-22 11:00:00,1,catboost_A_kt,"[661.3170573218993, 663.9383641934031, 664.7403472269194, 667.639707269707, 669.7483852137764]",664.7403472269194,682.6986694335938,0.95787754617184,replay,2026-09-14T14:28:17
2026-08-22 10:00:00,2026-08-22 12:00:00,2,catboost_A_kt,"[776.9600829290044, 790.7419365521372, 808.9020611412243, 821.9485997324476, 837.1546700883769]",808.9020611412243,835.10693359375,0.95787754617184,replay,2026-09-14T14:28:17
2026-08-22 10:00:00,2026-08-22 13:00:00,3,catboost_A_kt,"[844.2122799241936, 864.1583228309463, 888.3146790163232, 903.2783179028226, 919.3128340932077]",888.3146790163232,919.4815063476562,0.95787754617184,replay,2026-09-14T14:28:17
2026-08-22 11:00:00,2026-08-22 12:00:00,1,catboost_A_kt,"[823.6227818531377, 824.7662053526813, 826.5280564245904, 828.5953392645514, 829.268540124303]",826.5280564245904,835.10693359375,0.9740754215398384,replay,2026-09-14T14:28:17
2026-08-22 11:00:00,2026-08-22 13:00:00,2,catboost_A_kt,"[869.0202676035074, 886.162288370054, 899.4272276085313, 912.2088476456993, 923.0589051228725]",899.4272276085313,919.4815063476562,0.9740754215398384,replay,2026-09-14T14:28:17
2026-08-22 11:00:00,2026-08-22 14:00:00,3,catboost_A_kt,"[841.4655143030008, 865.7890612565208, 896.4958076781841, 919.629226184707, 927.4797300585001]",896.4958076781841,929.2837524414062,0.9740754215398384,replay,2026-09-14T14:28:17
2026-08-22 12:00:00,2026-08-22 13:00:00,1,catboost_A_kt,"[916.5379657836892, 917.2716467465827, 918.5629128578922, 920.2963583927311, 922.9044947207587]",918.5629128578922,919.4815063476562,0.9986744846294664,replay,2026-09-14T14:28:17
2026-08-22 12:00:00,2026-08-22 14:00:00,2,catboost_A_kt,"[868.6449475757618, 893.6524049261632, 899.9922587149277, 924.1700037581376, 934.9887079823111]",899.9922587149277,929.2837524414062,0.9986744846294664,replay,2026-09-14T14:28:17
2026-08-22 12:00:00,2026-08-22 15:00:00,3,catboost_A_kt,"[784.6385471771122, 800.9073776000013, 834.0136607463689, 859.5905762195296, 870.2768614842024]",834.0136607463689,863.76318359375,0.9986744846294664,replay,2026-09-14T14:28:17
2026-08-22 13:00:00,2026-08-22 14:00:00,1,catboost_A_kt,"[939.8165472831616, 940.6175348120584, 940.6325420067935, 944.7734107653467, 955.2200889462318]",940.6325420067935,929.2837524414062,1.0136147013106285,replay,2026-09-14T14:28:17
2026-08-22 13:00:00,2026-08-22 15:00:00,2,catboost_A_kt,"[819.6049276666246, 838.1961456952045, 842.3339747361339, 863.5501868922132, 873.6773653216142]",842.3339747361339,863.76318359375,1.0136147013106285,replay,2026-09-14T14:28:17
2026-08-22 13:00:00,2026-08-22 16:00:00,3,catboost_A_kt,"[694.9835178677507, 698.7846274257233, 721.0867939956371, 735.5370756656191, 743.8997640709869]",721.0867939956371,727.9368286132812,1.0136147013106285,replay,2026-09-14T14:28:17
2026-08-22 14:00:00,2026-08-22 15:00:00,1,catboost_A_kt,"[870.2292212750297, 871.3610409283068, 871.9714408930377, 873.08011841334, 888.4636390183757]",871.9714408930377,863.76318359375,1.0212166078818856,replay,2026-09-14T14:28:17
2026-08-22 14:00:00,2026-08-22 16:00:00,2,catboost_A_kt,"[698.8687740485203, 711.5582236659122, 726.8009214756094, 735.4521696817958, 742.5203918849788]",726.8009214756094,727.9368286132812,1.0212166078818856,replay,2026-09-14T14:28:17
2026-08-22 14:00:00,2026-08-22 17:00:00,3,catboost_A_kt,"[520.0714186405912, 527.1472837646141, 533.6962184140617, 545.6530241526757, 548.842716180364]",533.6962184140617,532.832763671875,1.0212166078818856,replay,2026-09-14T14:28:17
2026-08-23 08:00:00,2026-08-23 09:00:00,1,catboost_A_kt,"[192.19234554336768, 216.9719633311127, 230.47441169520613, 244.35061567589543, 252.00053382237598]",230.47441169520613,235.4658660888672,1.4167784061555158,replay,2026-09-14T14:28:17
2026-08-23 08:00:00,2026-08-23 10:00:00,2,catboost_A_kt,"[343.53500209375386, 399.17960225352675, 435.59805298650423, 463.34944749882266, 480.53651805588845]",435.59805298650423,476.0174865722656,1.4167784061555158,replay,2026-09-14T14:28:17
2026-08-23 08:00:00,2026-08-23 11:00:00,3,catboost_A_kt,"[527.2399323839372, 592.2911579865133, 628.720106680283, 653.9551082602034, 672.955018141174]",628.720106680283,683.7933349609375,1.4167784061555158,replay,2026-09-14T14:28:17
2026-08-23 09:00:00,2026-08-23 10:00:00,1,catboost_A_kt,"[405.98471165965975, 424.1857449122581, 439.9352841417542, 452.44188853052253, 463.52661707114856]",439.9352841417542,476.0174865722656,0.9385648987728415,replay,2026-09-14T14:28:17
2026-08-23 09:00:00,2026-08-23 11:00:00,2,catboost_A_kt,"[577.3275476073654, 610.2845037604202, 638.6959311567019, 659.5686817095547, 675.6863786356045]",638.6959311567019,683.7933349609375,0.9385648987728415,replay,2026-09-14T14:28:17
2026-08-23 09:00:00,2026-08-23 12:00:00,3,catboost_A_kt,"[645.046258474003, 718.3839815298745, 761.3653919465968, 792.4096446011966, 817.9740120086672]",761.3653919465968,836.1539916992188,0.9385648987728415,replay,2026-09-14T14:28:17
2026-08-23 10:00:00,2026-08-23 11:00:00,1,catboost_A_kt,"[604.0966892435795, 631.4364374788906, 641.5924937123935, 654.390063582608, 665.3770909042082]",641.5924937123935,683.7933349609375,0.941141919158636,replay,2026-09-14T14:28:17
2026-08-23 10:00:00,2026-08-23 12:00:00,2,catboost_A_kt,"[713.8985378258318, 756.4487116427972, 790.8132352130469, 810.0135007322073, 825.5078241697075]",790.8132352130469,836.1539916992188,0.941141919158636,replay,2026-09-14T14:28:17
2026-08-23 10:00:00,2026-08-23 13:00:00,3,catboost_A_kt,"[717.4271643094957, 799.7376992720867, 861.3976327325198, 889.033073585269, 908.6670140843]",861.3976327325198,920.3428344726562,0.941141919158636,replay,2026-09-14T14:28:17
2026-08-23 11:00:00,2026-08-23 12:00:00,1,catboost_A_kt,"[731.280828203108, 763.3828100107086, 776.8308439988976, 807.1317060462069, 816.1806518902779]",776.8308439988976,836.1539916992188,0.9140188817593232,replay,2026-09-14T14:28:17
2026-08-23 11:00:00,2026-08-23 13:00:00,2,catboost_A_kt,"[776.6200445529038, 834.060844343742, 866.9619370397381, 889.2679594741294, 906.5248149220464]",866.9619370397381,920.3428344726562,0.9140188817593232,replay,2026-09-14T14:28:17
2026-08-23 11:00:00,2026-08-23 14:00:00,3,catboost_A_kt,"[742.1066831622378, 820.1776582497712, 868.4663529287127, 893.4820288399952, 910.1226415808349]",868.4663529287127,929.83154296875,0.9140188817593232,replay,2026-09-14T14:28:17
2026-08-23 12:00:00,2026-08-23 13:00:00,1,catboost_A_kt,"[853.6409825200061, 880.4332421675149, 888.2753837546622, 901.0907212178041, 913.034860163034]",888.2753837546622,920.3428344726562,0.9699170352600386,replay,2026-09-14T14:28:17
2026-08-23 12:00:00,2026-08-23 14:00:00,2,catboost_A_kt,"[815.6870504567917, 865.0107028043656, 892.1979919578988, 913.5019917422991, 927.0793966499309]",892.1979919578988,929.83154296875,0.9699170352600386,replay,2026-09-14T14:28:17
2026-08-23 12:00:00,2026-08-23 15:00:00,3,catboost_A_kt,"[710.3539117063773, 778.5678549299262, 818.1988613092032, 840.7319869533039, 858.7298390623369]",818.1988613092032,863.89306640625,0.9699170352600386,replay,2026-09-14T14:28:17
2026-08-23 13:00:00,2026-08-23 14:00:00,1,catboost_A_kt,"[822.2653913970076, 866.6531510382656, 878.2056646188848, 898.8473145820166, 908.7031754619842]",878.2056646188848,929.83154296875,0.9018378488191556,replay,2026-09-14T14:28:17
2026-08-23 13:00:00,2026-08-23 15:00:00,2,catboost_A_kt,"[715.233949073893, 769.4088276470432, 803.5058468748045, 833.5524708313612, 849.2459225704005]",803.5058468748045,863.89306640625,0.9018378488191556,replay,2026-09-14T14:28:17
2026-08-23 13:00:00,2026-08-23 16:00:00,3,catboost_A_kt,"[586.4092450762311, 643.9438756702328, 679.9879109669143, 702.7401156476291, 718.6295377188984]",679.9879109669143,727.5811767578125,0.9018378488191556,replay,2026-09-14T14:28:17
2026-08-23 14:00:00,2026-08-23 15:00:00,1,catboost_A_kt,"[799.213664178624, 818.0957633752193, 829.1148823431538, 842.5148643776361, 853.345341332455]",829.1148823431538,863.89306640625,0.9603890466799596,replay,2026-09-14T14:28:17
2026-08-23 14:00:00,2026-08-23 16:00:00,2,catboost_A_kt,"[647.6311891157121, 675.7540114792081, 696.1930058791672, 713.903187841029, 726.0668859625126]",696.1930058791672,727.5811767578125,0.9603890466799596,replay,2026-09-14T14:28:17
2026-08-23 14:00:00,2026-08-23 17:00:00,3,catboost_A_kt,"[468.15104406694326, 494.8329194370121, 514.287709053811, 527.5130563477876, 538.4554834456459]",514.287709053811,531.9803466796875,0.9603890466799596,replay,2026-09-14T14:28:17
2026-08-24 08:00:00,2026-08-24 09:00:00,1,catboost_A_kt,"[198.6242550253896, 218.09036735564584, 232.0186334954801, 246.13058013707914, 254.96171869040532]",232.0186334954801,236.29783630371094,1.4600302187077847,replay,2026-09-14T14:28:17
2026-08-24 08:00:00,2026-08-24 10:00:00,2,catboost_A_kt,"[341.41633900478934, 399.8806189799942, 436.87056712249927, 465.3273281354492, 482.2808496840233]",436.87056712249927,477.0443420410156,1.4600302187077847,replay,2026-09-14T14:28:17
2026-08-24 08:00:00,2026-08-24 11:00:00,3,catboost_A_kt,"[509.2887998581468, 586.2398997603915, 623.3004799963362, 650.6282857348554, 669.52146021626]",623.3004799963362,684.895263671875,1.4600302187077847,replay,2026-09-14T14:28:17
2026-08-24 09:00:00,2026-08-24 10:00:00,1,catboost_A_kt,"[423.7945548079339, 441.48522455622464, 456.30157841091585, 468.9708993389609, 480.02704902729835]",456.30157841091585,477.0443420410156,0.973347895151194,replay,2026-09-14T14:28:17
2026-08-24 09:00:00,2026-08-24 11:00:00,2,catboost_A_kt,"[572.2793718533095, 616.4837186609151, 642.3730898806702, 665.6328689520766, 680.9084616317332]",642.3730898806702,684.895263671875,0.973347895151194,replay,2026-09-14T14:28:17
2026-08-24 09:00:00,2026-08-24 12:00:00,3,catboost_A_kt,"[669.5727970615527, 736.8309935393863, 777.7602141317852, 806.9816954238026, 828.5921166653105]",777.7602141317852,837.1965942382812,0.973347895151194,replay,2026-09-14T14:28:17
2026-08-24 10:00:00,2026-08-24 11:00:00,1,catboost_A_kt,"[616.9833516297525, 640.6153297612046, 651.0428859444601, 660.9267739815824, 670.7734166385721]",651.0428859444601,684.895263671875,0.9516935024718468,replay,2026-09-14T14:28:17
2026-08-24 10:00:00,2026-08-24 12:00:00,2,catboost_A_kt,"[721.208906458519, 764.8561836148758, 794.1564601996906, 811.8183006843896, 826.1034011066246]",794.1564601996906,837.1965942382812,0.9516935024718468,replay,2026-09-14T14:28:17
2026-08-24 10:00:00,2026-08-24 13:00:00,3,catboost_A_kt,"[720.1940878025995, 800.1085518741193, 861.4060127953071, 888.698473731094, 907.4390925658925]",861.4060127953071,921.18798828125,0.9516935024718468,replay,2026-09-14T14:28:17
2026-08-24 11:00:00,2026-08-24 12:00:00,1,catboost_A_kt,"[789.2337577775094, 798.1222195287535, 803.3823457632705, 825.0604608786996, 831.0140752062171]",803.3823457632705,837.1965942382812,0.9826320147468448,replay,2026-09-14T14:28:17
2026-08-24 11:00:00,2026-08-24 13:00:00,2,catboost_A_kt,"[828.1745705638787, 866.4381014148628, 886.0222984881374, 905.6127316038471, 919.0695389447781]",886.0222984881374,921.18798828125,0.9826320147468448,replay,2026-09-14T14:28:17
2026-08-24 11:00:00,2026-08-24 14:00:00,3,catboost_A_kt,"[779.1686962302684, 847.6370043466311, 886.4361809226272, 908.2795281023366, 924.0551233827827]",886.4361809226272,930.3524169921875,0.9826320147468448,replay,2026-09-14T14:28:17
2026-08-24 12:00:00,2026-08-24 13:00:00,1,catboost_A_kt,"[861.8814603344612, 884.1571071566183, 894.5007678608191, 906.6395502479511, 920.1560004110552]",894.5007678608191,921.18798828125,0.973486982501331,replay,2026-09-14T14:28:17
2026-08-24 12:00:00,2026-08-24 14:00:00,2,catboost_A_kt,"[813.4029900221432, 860.1942354414789, 884.5895989158388, 911.6146267851633, 928.7153533513816]",884.5895989158388,930.3524169921875,0.973486982501331,replay,2026-09-14T14:28:17
2026-08-24 12:00:00,2026-08-24 15:00:00,3,catboost_A_kt,"[718.7192325585982, 775.671988495665, 811.5448772932674, 842.8964100527837, 861.0286617087428]",811.5448772932674,863.9871826171875,0.973486982501331,replay,2026-09-14T14:28:17
2026-08-24 13:00:00,2026-08-24 14:00:00,1,catboost_A_kt,"[848.2456134335408, 886.6487932616494, 896.6431065287424, 910.2822219205422, 919.6970547182785]",896.6431065287424,930.3524169921875,0.9628870549311762,replay,2026-09-14T14:28:17
2026-08-24 13:00:00,2026-08-24 15:00:00,2,catboost_A_kt,"[760.7048054803344, 794.3871490149013, 819.6808299746348, 846.2183354953622, 864.4233207789099]",819.6808299746348,863.9871826171875,0.9628870549311762,replay,2026-09-14T14:28:17
2026-08-24 13:00:00,2026-08-24 16:00:00,3,catboost_A_kt,"[625.198647422601, 667.6968972343612, 691.7446778674456, 714.2321867407597, 729.8721730884336]",691.7446778674456,727.183349609375,0.9628870549311762,replay,2026-09-14T14:28:17
2026-08-24 14:00:00,2026-08-24 15:00:00,1,catboost_A_kt,"[762.3174524742893, 778.6798929070247, 798.2771298623626, 818.8105955305213, 836.6472574553388]",798.2771298623626,863.9871826171875,0.9093328499360308,replay,2026-09-14T14:28:17
2026-08-24 14:00:00,2026-08-24 16:00:00,2,catboost_A_kt,"[630.4848721119715, 662.8432995367699, 685.1373937373903, 704.5048106962813, 719.222074228975]",685.1373937373903,727.183349609375,0.9093328499360308,replay,2026-09-14T14:28:17
2026-08-24 14:00:00,2026-08-24 17:00:00,3,catboost_A_kt,"[460.19897938023877, 489.5252090222032, 512.4182895164126, 526.8264672686378, 538.861297552823]",512.4182895164126,531.0830688476562,0.9093328499360308,replay,2026-09-14T14:28:17
2026-08-25 08:00:00,2026-08-25 09:00:00,1,catboost_A_kt,"[178.47685623894836, 204.1486952402707, 221.0642842062333, 236.80396072714862, 247.27924794264737]",221.0642842062333,237.15347290039062,1.3601235306253194,replay,2026-09-14T14:28:17
2026-08-25 08:00:00,2026-08-25 10:00:00,2,catboost_A_kt,"[320.774806782095, 385.16911045310206, 427.8969679255863, 457.948528645958, 475.82902961247095]",427.8969679255863,478.0873107910156,1.3601235306253194,replay,2026-09-14T14:28:17
2026-08-25 08:00:00,2026-08-25 11:00:00,3,catboost_A_kt,"[483.89658813569577, 560.827230782794, 609.1936519857062, 640.3204689422001, 662.743036053626]",609.1936519857062,686.0025024414062,1.3601235306253194,replay,2026-09-14T14:28:17
2026-08-25 09:00:00,2026-08-25 10:00:00,1,catboost_A_kt,"[372.6976149680472, 406.1024436310577, 429.8828884093637, 445.8077696122779, 461.2282940788653]",429.8828884093637,478.0873107910156,0.872852485167052,replay,2026-09-14T14:28:17
2026-08-25 09:00:00,2026-08-25 11:00:00,2,catboost_A_kt,"[508.5226722140011, 568.4452146781996, 613.4411956906436, 644.2967613964521, 666.205139341335]",613.4411956906436,686.0025024414062,0.872852485167052,replay,2026-09-14T14:28:17
2026-08-25 09:00:00,2026-08-25 12:00:00,3,catboost_A_kt,"[596.2274367229292, 687.1023002615774, 746.8522689156831, 786.9155405661414, 812.5603687648058]",746.8522689156831,838.2328491210938,0.872852485167052,replay,2026-09-14T14:28:17
2026-08-25 10:00:00,2026-08-25 11:00:00,1,catboost_A_kt,"[570.230939598386, 603.734089893596, 622.2200414883852, 639.8773521694562, 654.0474175615713]",622.2200414883852,686.0025024414062,0.8785006313341762,replay,2026-09-14T14:28:17
2026-08-25 10:00:00,2026-08-25 12:00:00,2,catboost_A_kt,"[641.7112904541141, 710.5396763525277, 755.8393206501611, 782.9323583886287, 804.5478445367089]",755.8393206501611,838.2328491210938,0.8785006313341762,replay,2026-09-14T14:28:17
2026-08-25 10:00:00,2026-08-25 13:00:00,3,catboost_A_kt,"[637.2542851770708, 734.5294032679931, 809.4234907434097, 853.2976050975088, 876.2019184344045]",809.4234907434097,922.0152587890625,0.8785006313341762,replay,2026-09-14T14:28:17
2026-08-25 11:00:00,2026-08-25 12:00:00,1,catboost_A_kt,"[686.7444567448262, 736.2564351400482, 761.4015685639787, 796.4669760971459, 811.8497899073596]",761.4015685639787,838.2328491210938,0.9052444784402852,replay,2026-09-14T14:28:17
2026-08-25 11:00:00,2026-08-25 13:00:00,2,catboost_A_kt,"[709.1780387082523, 787.9610442325638, 839.52560999281, 872.7631709204412, 897.1757717423787]",839.52560999281,922.0152587890625,0.9052444784402852,replay,2026-09-14T14:28:17
2026-08-25 11:00:00,2026-08-25 14:00:00,3,catboost_A_kt,"[662.6902655841561, 771.409516840665, 839.1404138159552, 881.176935915633, 902.9963156504122]",839.1404138159552,930.8449096679688,0.9052444784402852,replay,2026-09-14T14:28:17
2026-08-25 12:00:00,2026-08-25 13:00:00,1,catboost_A_kt,"[695.7676678091955, 751.7614359442905, 795.0738876114117, 831.6043058234922, 860.3780344861339]",795.0738876114117,922.0152587890625,0.8601428513635058,replay,2026-09-14T14:28:17
2026-08-25 12:00:00,2026-08-25 14:00:00,2,catboost_A_kt,"[595.1969562884223, 694.9092059480517, 775.4332758363579, 835.7305856895256, 872.3137273149516]",775.4332758363579,930.8449096679688,0.8601428513635058,replay,2026-09-14T14:28:17
2026-08-25 12:00:00,2026-08-25 15:00:00,3,catboost_A_kt,"[547.0483128926909, 648.1945386429934, 726.8944882276508, 785.5552756209498, 813.986626247212]",726.8944882276508,864.0443725585938,0.8601428513635058,replay,2026-09-14T14:28:17
2026-08-25 13:00:00,2026-08-25 14:00:00,1,catboost_A_kt,"[697.6185635631405, 741.5669318600169, 779.0415714772179, 819.2644254080432, 837.7262360229847]",779.0415714772179,930.8449096679688,0.8958637005214878,replay,2026-09-14T14:28:17
2026-08-25 13:00:00,2026-08-25 15:00:00,2,catboost_A_kt,"[588.6715162689171, 662.2771509170258, 736.7277295668841, 787.4183588130987, 811.898297148124]",736.7277295668841,864.0443725585938,0.8958637005214878,replay,2026-09-14T14:28:17
2026-08-25 13:00:00,2026-08-25 16:00:00,3,catboost_A_kt,"[495.15623465990694, 570.1572204625841, 624.7201396964408, 669.0026524242267, 692.5353555687993]",624.7201396964408,726.7428588867188,0.8958637005214878,replay,2026-09-14T14:28:17
2026-08-25 14:00:00,2026-08-25 15:00:00,1,catboost_A_kt,"[673.2411032236805, 701.6218193943009, 731.12186869882, 772.2738744392142, 793.3125112470973]",731.12186869882,864.0443725585938,0.8336512063880309,replay,2026-09-14T14:28:17
2026-08-25 14:00:00,2026-08-25 16:00:00,2,catboost_A_kt,"[505.40428100830957, 564.2634949623422, 618.720577518437, 655.5412413397764, 676.9311500473437]",618.720577518437,726.7428588867188,0.8336512063880309,replay,2026-09-14T14:28:17
2026-08-25 14:00:00,2026-08-25 17:00:00,3,catboost_A_kt,"[379.6306393528924, 427.402870769041, 465.7618120251789, 493.25332150671466, 508.7618226717702]",465.7618120251789,530.1409912109375,0.8336512063880309,replay,2026-09-14T14:28:17
2026-08-26 08:00:00,2026-08-26 09:00:00,1,catboost_A_kt,"[164.37693840012773, 205.19621230972925, 229.72520383332264, 252.78440216470375, 262.2389348109715]",229.72520383332264,238.03128051757812,1.3458381942133564,replay,2026-09-14T14:28:17
2026-08-26 08:00:00,2026-08-26 10:00:00,2,catboost_A_kt,"[352.07157280243524, 409.7691386984835, 448.5632558685608, 479.24093815088617, 496.8355218822402]",448.5632558685608,479.1445007324219,1.3458381942133564,replay,2026-09-14T14:28:17
2026-08-26 08:00:00,2026-08-26 11:00:00,3,catboost_A_kt,"[526.3030124990958, 603.5681911917402, 641.0700931457676, 669.3061865882672, 687.3641453146399]",641.0700931457676,687.1131591796875,1.3458381942133564,replay,2026-09-14T14:28:17
2026-08-26 09:00:00,2026-08-26 10:00:00,1,catboost_A_kt,"[342.67955842068056, 359.07684155834346, 383.66331258522774, 403.71411549261563, 432.1788028195916]",383.66331258522774,479.1445007324219,0.6427726813936812,replay,2026-09-14T14:28:17
2026-08-26 09:00:00,2026-08-26 11:00:00,2,catboost_A_kt,"[398.9772147334097, 488.70305888738574, 567.9563501110312, 616.9748427906824, 640.2695873164131]",567.9563501110312,687.1131591796875,0.6427726813936812,replay,2026-09-14T14:28:17
2026-08-26 09:00:00,2026-08-26 12:00:00,3,catboost_A_kt,"[509.1767294355073, 604.719134050541, 698.3949067016646, 766.1899702259767, 794.0705756063568]",698.3949067016646,839.2608032226562,0.6427726813936812,replay,2026-09-14T14:28:17
2026-08-26 10:00:00,2026-08-26 11:00:00,1,catboost_A_kt,"[582.0241906063899, 614.4921841701366, 634.9274940505775, 648.239451897574, 659.7812331608538]",634.9274940505775,687.1131591796875,0.907868070150667,replay,2026-09-14T14:28:17
2026-08-26 10:00:00,2026-08-26 12:00:00,2,catboost_A_kt,"[649.7029173125069, 712.8355164357727, 768.857626762573, 798.298121876737, 814.9594151323842]",768.857626762573,839.2608032226562,0.907868070150667,replay,2026-09-14T14:28:17
2026-08-26 10:00:00,2026-08-26 13:00:00,3,catboost_A_kt,"[620.8103634209824, 720.193430004884, 801.1950226606923, 855.7111511036247, 882.8071657918007]",801.1950226606923,922.8228149414062,0.907868070150667,replay,2026-09-14T14:28:17
2026-08-26 11:00:00,2026-08-26 12:00:00,1,catboost_A_kt,"[669.9463893884844, 726.0665581326454, 759.5548937965447, 782.2259681405197, 808.0795937986074]",759.5548937965447,839.2608032226562,0.921245634841118,replay,2026-09-14T14:28:17
2026-08-26 11:00:00,2026-08-26 13:00:00,2,catboost_A_kt,"[626.3741263294409, 727.4455739500011, 802.7141412919746, 857.2820384099829, 886.2942157029813]",802.7141412919746,922.8228149414062,0.921245634841118,replay,2026-09-14T14:28:17
2026-08-26 11:00:00,2026-08-26 14:00:00,3,catboost_A_kt,"[560.8097882903821, 681.2927520271546, 781.6829892392727, 844.9885863863732, 880.9461839108582]",781.6829892392727,931.3076782226562,0.921245634841118,replay,2026-09-14T14:28:17
2026-08-26 12:00:00,2026-08-26 13:00:00,1,catboost_A_kt,"[698.8063171333364, 732.8208747330435, 775.0018525415752, 815.3432072921838, 832.1012481779005]",775.0018525415752,922.8228149414062,0.7601927850833785,replay,2026-09-14T14:28:17
2026-08-26 12:00:00,2026-08-26 14:00:00,2,catboost_A_kt,"[554.5788565880148, 645.825570602834, 705.4006936573059, 804.1056667983295, 842.04611616986]",705.4006936573059,931.3076782226562,0.7601927850833785,replay,2026-09-14T14:28:17
2026-08-26 12:00:00,2026-08-26 15:00:00,3,catboost_A_kt,"[575.1881758385417, 639.2051514747694, 696.5841945552661, 747.1391898000256, 771.6157448955811]",696.5841945552661,864.0636596679688,0.7601927850833785,replay,2026-09-14T14:28:17
2026-08-26 13:00:00,2026-08-26 14:00:00,1,catboost_A_kt,"[702.2860861080421, 750.632972329088, 791.7567306419401, 842.351284403853, 871.5835312465227]",791.7567306419401,931.3076782226562,0.909166916422364,replay,2026-09-14T14:28:17
2026-08-26 13:00:00,2026-08-26 15:00:00,2,catboost_A_kt,"[624.8418123472806, 688.0571193877314, 748.9370440908449, 799.7570007136438, 824.7794821989496]",748.9370440908449,864.0636596679688,0.909166916422364,replay,2026-09-14T14:28:17
2026-08-26 13:00:00,2026-08-26 16:00:00,3,catboost_A_kt,"[512.6770555237299, 580.6085508086563, 635.851452978153, 672.2113591863234, 696.1713240637534]",635.851452978153,726.2592163085938,0.909166916422364,replay,2026-09-14T14:28:17
2026-08-26 14:00:00,2026-08-26 15:00:00,1,catboost_A_kt,"[530.451472129321, 602.636345336002, 667.8117896329067, 732.9082454504252, 779.2153409044612]",667.8117896329067,864.0636596679688,0.8751136000598992,replay,2026-09-14T14:28:17
2026-08-26 14:00:00,2026-08-26 16:00:00,2,catboost_A_kt,"[438.19477582583244, 515.1785656277984, 571.2408162867115, 635.1673536402495, 683.8945945115057]",571.2408162867115,726.2592163085938,0.8751136000598992,replay,2026-09-14T14:28:17
2026-08-26 14:00:00,2026-08-26 17:00:00,3,catboost_A_kt,"[342.53448219106224, 402.07298477535363, 452.2226829281857, 487.3918092011814, 508.0147539780564]",452.2226829281857,529.1539916992188,0.8751136000598992,replay,2026-09-14T14:28:17
2026-08-27 08:00:00,2026-08-27 09:00:00,1,catboost_A_kt,"[170.27546679080896, 201.39487680856462, 225.2416322555495, 248.61058634375667, 260.27514086453266]",225.2416322555495,238.92965698242188,1.1649145888357912,replay,2026-09-14T14:28:17
2026-08-27 08:00:00,2026-08-27 10:00:00,2,catboost_A_kt,"[376.71132842761233, 427.40295725690714, 456.51763355901596, 483.77173754658463, 500.28209698678546]",456.51763355901596,480.21405029296875,1.1649145888357912,replay,2026-09-14T14:28:17
2026-08-27 08:00:00,2026-08-27 11:00:00,3,catboost_A_kt,"[556.839252295744, 621.3757391354916, 647.456937657602, 671.0691943145764, 689.2054809026451]",647.456937657602,688.2251586914062,1.1649145888357912,replay,2026-09-14T14:28:17
2026-08-27 09:00:00,2026-08-27 10:00:00,1,catboost_A_kt,"[346.0844271486792, 362.71385690346756, 388.12108076337216, 405.6736116875753, 426.47248141643746]",388.12108076337216,480.21405029296875,0.6570971634345405,replay,2026-09-14T14:28:17
2026-08-27 09:00:00,2026-08-27 11:00:00,2,catboost_A_kt,"[414.1715834699847, 487.3703455425605, 581.6742333236103, 624.5432489665709, 645.6552466465266]",581.6742333236103,688.2251586914062,0.6570971634345405,replay,2026-09-14T14:28:17
2026-08-27 09:00:00,2026-08-27 12:00:00,3,catboost_A_kt,"[532.5158252762659, 633.2949503790411, 706.4494497224376, 770.4610751875593, 796.4424173409907]",706.4494497224376,840.2784423828125,0.6570971634345405,replay,2026-09-14T14:28:17
2026-08-27 10:00:00,2026-08-27 11:00:00,1,catboost_A_kt,"[539.204486979682, 571.1204110108914, 599.689442977645, 628.7685827151299, 649.2500134142349]",599.689442977645,688.2251586914062,0.8850220141374989,replay,2026-09-14T14:28:17
2026-08-27 10:00:00,2026-08-27 12:00:00,2,catboost_A_kt,"[650.9854797366, 708.6427015577241, 753.4373291070596, 788.5368280148467, 805.9259390896552]",753.4373291070596,840.2784423828125,0.8850220141374989,replay,2026-09-14T14:28:17
2026-08-27 10:00:00,2026-08-27 13:00:00,3,catboost_A_kt,"[696.0974285003518, 764.4047248529153, 824.9281545641821, 867.6570734405706, 887.9921180509499]",824.9281545641821,923.6090087890625,0.8850220141374989,replay,2026-09-14T14:28:17
2026-08-27 11:00:00,2026-08-27 12:00:00,1,catboost_A_kt,"[807.8932469390128, 819.9087166980613, 820.7415492413767, 822.9272919264946, 830.4650039763131]",820.7415492413767,840.2784423828125,0.9589885036173696,replay,2026-09-14T14:28:17
2026-08-27 11:00:00,2026-08-27 13:00:00,2,catboost_A_kt,"[862.0704967996135, 881.8382762984897, 896.009512711355, 906.9581880424006, 923.7984953809379]",896.009512711355,923.6090087890625,0.9589885036173696,replay,2026-09-14T14:28:17
2026-08-27 11:00:00,2026-08-27 14:00:00,3,catboost_A_kt,"[850.8144194106608, 865.2399777803518, 893.2124846738858, 913.2822257260419, 922.3560566729091]",893.2124846738858,931.7391967773438,0.9589885036173696,replay,2026-09-14T14:28:17
2026-08-27 12:00:00,2026-08-27 13:00:00,1,catboost_A_kt,"[842.2137717952538, 869.7539895655237, 878.2179362372412, 888.2218921012263, 903.1106670111194]",878.2179362372412,923.6090087890625,0.967536393757243,replay,2026-09-14T14:28:17
2026-08-27 12:00:00,2026-08-27 14:00:00,2,catboost_A_kt,"[810.6114947720902, 855.8334664407275, 884.9686450338467, 910.6705596043696, 930.7280446666135]",884.9686450338467,931.7391967773438,0.967536393757243,replay,2026-09-14T14:28:17
2026-08-27 12:00:00,2026-08-27 15:00:00,3,catboost_A_kt,"[728.3927901772225, 777.3631679248563, 819.0218568713324, 845.5461314320106, 864.4176739842837]",819.0218568713324,864.0441284179688,0.967536393757243,replay,2026-09-14T14:28:17
2026-08-27 13:00:00,2026-08-27 14:00:00,1,catboost_A_kt,"[780.2201656866616, 808.742864622325, 836.7694909699015, 865.1735971868742, 885.6528317713895]",836.7694909699015,931.7391967773438,0.9679420377072894,replay,2026-09-14T14:28:17
2026-08-27 13:00:00,2026-08-27 15:00:00,2,catboost_A_kt,"[671.6637164769659, 729.6891227041729, 774.9919221921665, 816.5268306211808, 841.4475746354065]",774.9919221921665,864.0441284179688,0.9679420377072894,replay,2026-09-14T14:28:17
2026-08-27 13:00:00,2026-08-27 16:00:00,3,catboost_A_kt,"[590.3690934920336, 632.6909392835355, 669.3577158229465, 691.1693087567921, 710.0213856712619]",669.3577158229465,725.7318725585938,0.9679420377072894,replay,2026-09-14T14:28:17
2026-08-27 14:00:00,2026-08-27 15:00:00,1,catboost_A_kt,"[658.6206112908443, 707.479814498954, 742.1092247256377, 776.0532542320512, 801.6209668168957]",742.1092247256377,864.0441284179688,0.9573494505891744,replay,2026-09-14T14:28:17
2026-08-27 14:00:00,2026-08-27 16:00:00,2,catboost_A_kt,"[519.7255404720975, 554.6843086538208, 600.560479474023, 656.1400306367615, 683.0016926598853]",600.560479474023,725.7318725585938,0.9573494505891744,replay,2026-09-14T14:28:17
2026-08-27 14:00:00,2026-08-27 17:00:00,3,catboost_A_kt,"[396.23130177487513, 421.80105305938343, 462.870635164329, 484.9905877930222, 507.8774868495446]",462.870635164329,528.1223754882812,0.9573494505891744,replay,2026-09-14T14:28:17
2026-08-28 08:00:00,2026-08-28 09:00:00,1,catboost_A_kt,"[206.59952743004132, 226.77275635036534, 235.7466934817975, 249.14779274862457, 255.74819028486954]",235.7466934817975,239.8470001220703,1.2892121077512244,replay,2026-09-14T14:28:17
2026-08-28 08:00:00,2026-08-28 10:00:00,2,catboost_A_kt,"[391.6581927843427, 423.6423755020148, 449.74574393649533, 473.6515203615406, 491.6236224112131]",449.74574393649533,481.2939758300781,1.2892121077512244,replay,2026-09-14T14:28:17
2026-08-28 08:00:00,2026-08-28 11:00:00,3,catboost_A_kt,"[539.0882489118137, 599.0515035843686, 631.0469922285633, 659.9767036575747, 675.7673675738683]",631.0469922285633,689.33642578125,1.2892121077512244,replay,2026-09-14T14:28:17
2026-08-28 09:00:00,2026-08-28 10:00:00,1,catboost_A_kt,"[400.5492112607748, 418.1192251189007, 436.3002427237604, 450.2224396164323, 461.62308812035053]",436.3002427237604,481.2939758300781,0.8880661649220021,replay,2026-09-14T14:28:17
2026-08-28 09:00:00,2026-08-28 11:00:00,2,catboost_A_kt,"[543.3983404163754, 584.109064248819, 621.7976716361175, 644.5603143650503, 662.1683037052039]",621.7976716361175,689.33642578125,0.8880661649220021,replay,2026-09-14T14:28:17
2026-08-28 09:00:00,2026-08-28 12:00:00,3,catboost_A_kt,"[582.1749534246707, 666.7868939344729, 734.9940065410094, 779.4208903119062, 801.9022268696494]",734.9940065410094,841.283935546875,0.8880661649220021,replay,2026-09-14T14:28:17
2026-08-28 10:00:00,2026-08-28 11:00:00,1,catboost_A_kt,"[561.5530549974163, 592.0078661945863, 613.4892218098629, 633.9595380030422, 650.6967407702085]",613.4892218098629,689.33642578125,0.7978491964159555,replay,2026-09-14T14:28:17
2026-08-28 10:00:00,2026-08-28 12:00:00,2,catboost_A_kt,"[621.2433717339859, 680.289348358006, 735.523580753133, 773.1922875677992, 801.3931775280286]",735.523580753133,841.283935546875,0.7978491964159555,replay,2026-09-14T14:28:17
2026-08-28 10:00:00,2026-08-28 13:00:00,3,catboost_A_kt,"[622.3444073921489, 707.9873921444188, 790.4600601493155, 843.8854229644555, 870.2673070231475]",790.4600601493155,924.3720703125,0.7978491964159555,replay,2026-09-14T14:28:17
2026-08-28 11:00:00,2026-08-28 12:00:00,1,catboost_A_kt,"[590.3223429591491, 643.2112253865608, 678.9349574297765, 719.1624088477571, 751.5413359762326]",678.9349574297765,841.283935546875,0.7601513130563351,replay,2026-09-14T14:28:17
2026-08-28 11:00:00,2026-08-28 13:00:00,2,catboost_A_kt,"[602.9327232635769, 688.9262334230406, 766.600621937111, 821.8222646958992, 856.1288882838206]",766.600621937111,924.3720703125,0.7601513130563351,replay,2026-09-14T14:28:17
2026-08-28 11:00:00,2026-08-28 14:00:00,3,catboost_A_kt,"[545.7424484865371, 658.099399860756, 749.857363366542, 828.5724893107226, 867.9302815535494]",749.857363366542,932.13818359375,0.7601513130563351,replay,2026-09-14T14:28:17
2026-08-28 12:00:00,2026-08-28 13:00:00,1,catboost_A_kt,"[733.03410110278, 768.9395969519366, 784.5755152893507, 825.4946643614471, 847.1303674498604]",784.5755152893507,924.3720703125,0.8166089609441338,replay,2026-09-14T14:28:17
2026-08-28 12:00:00,2026-08-28 14:00:00,2,catboost_A_kt,"[582.9135741160667, 653.2218951710682, 724.9385218199338, 800.711336653863, 839.9115369577058]",724.9385218199338,932.13818359375,0.8166089609441338,replay,2026-09-14T14:28:17
2026-08-28 12:00:00,2026-08-28 15:00:00,3,catboost_A_kt,"[513.0458040733532, 596.6288911527791, 660.2184616541113, 722.8320992492216, 771.317668321309]",660.2184616541113,863.98486328125,0.8166089609441338,replay,2026-09-14T14:28:17
2026-08-28 13:00:00,2026-08-28 14:00:00,1,catboost_A_kt,"[744.7128140243188, 803.6339188725153, 821.0483272192658, 851.1142330508441, 865.9246500866951]",821.0483272192658,932.13818359375,0.9238704017107268,replay,2026-09-14T14:28:17
2026-08-28 13:00:00,2026-08-28 15:00:00,2,catboost_A_kt,"[625.8833115651568, 674.9362723766147, 741.8796429878121, 788.2564546166082, 810.282439685341]",741.8796429878121,863.98486328125,0.9238704017107268,replay,2026-09-14T14:28:17
2026-08-28 13:00:00,2026-08-28 16:00:00,3,catboost_A_kt,"[480.3455412763831, 542.4012963137278, 607.1538328542164, 646.8993875058328, 675.1195356874034]",607.1538328542164,725.1605224609375,0.9238704017107268,replay,2026-09-14T14:28:17
2026-08-28 14:00:00,2026-08-28 15:00:00,1,catboost_A_kt,"[689.2951909998465, 745.8025532201665, 776.8283032884373, 804.6778194692896, 825.0763312796659]",776.8283032884373,863.98486328125,0.8646786909684564,replay,2026-09-14T14:28:17
2026-08-28 14:00:00,2026-08-28 16:00:00,2,catboost_A_kt,"[561.1275693033836, 615.4682518320824, 656.4369404325566, 687.4030147285737, 706.8422304256674]",656.4369404325566,725.1605224609375,0.8646786909684564,replay,2026-09-14T14:28:17
2026-08-28 14:00:00,2026-08-28 17:00:00,3,catboost_A_kt,"[422.5053493049726, 458.20098161191135, 491.4724938923546, 510.784980928399, 522.6265808122346]",491.4724938923546,527.0462036132812,0.8646786909684564,replay,2026-09-14T14:28:17
2026-08-29 08:00:00,2026-08-29 09:00:00,1,catboost_A_kt,"[207.18303224550863, 229.5934941947757, 238.3724489435085, 251.21681086999922, 258.7665396285575]",238.3724489435085,240.78160095214844,1.4102956815750338,replay,2026-09-14T14:28:17
2026-08-29 08:00:00,2026-08-29 10:00:00,2,catboost_A_kt,"[406.76455749378295, 437.4979349314557, 457.0230773461387, 480.2130910876471, 496.8123333078898]",457.0230773461387,482.38226318359375,1.4102956815750338,replay,2026-09-14T14:28:17
2026-08-29 08:00:00,2026-08-29 11:00:00,3,catboost_A_kt,"[591.6725123851356, 634.951275934092, 651.3530398892325, 671.8470285833611, 687.4230031847162]",651.3530398892325,690.4450073242188,1.4102956815750338,replay,2026-09-14T14:28:17
2026-08-29 09:00:00,2026-08-29 10:00:00,1,catboost_A_kt,"[408.01806723987636, 426.90526825836787, 443.7864081915879, 457.5542850826418, 468.2807161985818]",443.7864081915879,482.38226318359375,0.8804659712826649,replay,2026-09-14T14:28:17
2026-08-29 09:00:00,2026-08-29 11:00:00,2,catboost_A_kt,"[576.6841901572936, 608.7614000264772, 637.7759432485958, 656.4481963384512, 672.9328916059653]",637.7759432485958,690.4450073242188,0.8804659712826649,replay,2026-09-14T14:28:17
2026-08-29 09:00:00,2026-08-29 12:00:00,3,catboost_A_kt,"[662.2760907837971, 725.5666997059138, 766.2997419777081, 800.3275777618452, 820.6744191568895]",766.2997419777081,842.2752685546875,0.8804659712826649,replay,2026-09-14T14:28:17
2026-08-29 10:00:00,2026-08-29 11:00:00,1,catboost_A_kt,"[605.0775344830934, 631.1137441719147, 641.2104992586577, 654.6679041991498, 667.1560961031437]",641.2104992586577,690.4450073242188,0.89970140118488,replay,2026-09-14T14:28:17
2026-08-29 10:00:00,2026-08-29 12:00:00,2,catboost_A_kt,"[704.4021116002716, 751.2157270638179, 784.5497648822409, 808.1924148667232, 826.4186050799981]",784.5497648822409,842.2752685546875,0.89970140118488,replay,2026-09-14T14:28:17
2026-08-29 10:00:00,2026-08-29 13:00:00,3,catboost_A_kt,"[725.2625064400681, 803.1686717590642, 857.4028857501027, 884.6807709177709, 905.8933562581765]",857.4028857501027,925.1102905273438,0.89970140118488,replay,2026-09-14T14:28:17
2026-08-29 11:00:00,2026-08-29 12:00:00,1,catboost_A_kt,"[755.4956379536959, 777.2997801295109, 787.0309493023656, 797.0595615455577, 810.1765848652519]",787.0309493023656,842.2752685546875,0.9515602344675472,replay,2026-09-14T14:28:17
2026-08-29 11:00:00,2026-08-29 13:00:00,2,catboost_A_kt,"[759.3720719132558, 804.4561705692191, 848.2265684412678, 877.0960677223062, 898.1687441961308]",848.2265684412678,925.1102905273438,0.9515602344675472,replay,2026-09-14T14:28:17
2026-08-29 11:00:00,2026-08-29 14:00:00,3,catboost_A_kt,"[660.6265861688398, 737.293015401042, 809.0411175602584, 862.8305424045551, 893.9569022347858]",809.0411175602584,932.5032348632812,0.9515602344675472,replay,2026-09-14T14:28:17
2026-08-29 12:00:00,2026-08-29 13:00:00,1,catboost_A_kt,"[810.8144760484109, 846.2676824305639, 864.4921896810578, 880.5751619997887, 891.1508627430165]",864.4921896810578,925.1102905273438,0.9367484209722642,replay,2026-09-14T14:28:17
2026-08-29 12:00:00,2026-08-29 14:00:00,2,catboost_A_kt,"[747.8483258853659, 805.954580709956, 848.7075882918915, 890.6378381227171, 910.7071824359368]",848.7075882918915,932.5032348632812,0.9367484209722642,replay,2026-09-14T14:28:17
2026-08-29 12:00:00,2026-08-29 15:00:00,3,catboost_A_kt,"[612.0282272714136, 679.6661310112161, 747.7176207451441, 802.9452365583188, 831.4182782154444]",747.7176207451441,863.8849487304688,0.9367484209722642,replay,2026-09-14T14:28:17
2026-08-29 13:00:00,2026-08-29 14:00:00,1,catboost_A_kt,"[810.8527915039333, 844.428215716394, 877.6495551795063, 902.5218366362569, 910.6926860370265]",877.6495551795063,932.5032348632812,0.92529506740983,replay,2026-09-14T14:28:17
2026-08-29 13:00:00,2026-08-29 15:00:00,2,catboost_A_kt,"[675.3461420435196, 724.2670329553582, 774.7213529829512, 820.8690831224354, 842.0908594525049]",774.7213529829512,863.8849487304688,0.92529506740983,replay,2026-09-14T14:28:17
2026-08-29 13:00:00,2026-08-29 16:00:00,3,catboost_A_kt,"[540.3323301276162, 593.2922699605583, 640.7762684056659, 679.7115943568226, 699.6942008263406]",640.7762684056659,724.5448608398438,0.92529506740983,replay,2026-09-14T14:28:17
2026-08-29 14:00:00,2026-08-29 15:00:00,1,catboost_A_kt,"[768.0710637870357, 792.1147848720692, 812.2219632321151, 831.7867135256832, 843.8221059229718]",812.2219632321151,863.8849487304688,0.928683091755436,replay,2026-09-14T14:28:17
2026-08-29 14:00:00,2026-08-29 16:00:00,2,catboost_A_kt,"[598.5602597208997, 643.3258843810577, 669.1756703752728, 697.792985800631, 712.414113901206]",669.1756703752728,724.5448608398438,0.928683091755436,replay,2026-09-14T14:28:17
2026-08-29 14:00:00,2026-08-29 17:00:00,3,catboost_A_kt,"[426.13920283888393, 455.56900820221296, 482.6479154255779, 507.8908592690863, 518.1306687702419]",482.6479154255779,525.9259033203125,0.928683091755436,replay,2026-09-14T14:28:17
2026-08-30 08:00:00,2026-08-30 09:00:00,1,catboost_A_kt,"[115.09878467225505, 149.65665408356932, 183.9311311891943, 213.0588930816647, 221.40666018988816]",183.9311311891943,241.73171997070312,1.17963673685162,replay,2026-09-14T14:28:17
2026-08-30 08:00:00,2026-08-30 10:00:00,2,catboost_A_kt,"[248.89775615396127, 315.2204521354848, 373.4724620109037, 427.5212471969266, 447.7337857417466]",373.4724620109037,483.4769287109375,1.17963673685162,replay,2026-09-14T14:28:17
2026-08-30 08:00:00,2026-08-30 11:00:00,3,catboost_A_kt,"[373.115017302503, 475.7619399988539, 560.843810785179, 623.03998895151, 655.1103445943721]",560.843810785179,691.5487060546875,1.17963673685162,replay,2026-09-14T14:28:17
2026-08-30 09:00:00,2026-08-30 10:00:00,1,catboost_A_kt,"[170.60740771126828, 213.73476186002082, 253.70353561793564, 306.62526713410887, 370.3381521291906]",253.70353561793564,483.4769287109375,0.2564826882193901,replay,2026-09-14T14:28:17
2026-08-30 09:00:00,2026-08-30 11:00:00,2,catboost_A_kt,"[279.10167693210934, 362.3026787354617, 460.36737711216153, 555.7957254932114, 608.3450198912988]",460.36737711216153,691.5487060546875,0.2564826882193901,replay,2026-09-14T14:28:17
2026-08-30 09:00:00,2026-08-30 12:00:00,3,catboost_A_kt,"[362.20092155365876, 463.5907998855322, 591.5096221621775, 701.6157073001453, 761.8652535231]",591.5096221621775,843.2504272460938,0.2564826882193901,replay,2026-09-14T14:28:17
2026-08-30 10:00:00,2026-08-30 11:00:00,1,catboost_A_kt,"[393.9624297324494, 452.30494686716185, 515.5153529672236, 579.1126452933556, 630.631460890242]",515.5153529672236,691.5487060546875,0.3785082430457681,replay,2026-09-14T14:28:17
2026-08-30 10:00:00,2026-08-30 12:00:00,2,catboost_A_kt,"[476.8644315631024, 563.6312316492833, 689.7955922756325, 775.723230704165, 812.3110250060824]",689.7955922756325,843.2504272460938,0.3785082430457681,replay,2026-09-14T14:28:17
2026-08-30 10:00:00,2026-08-30 13:00:00,3,catboost_A_kt,"[583.5478681878766, 688.8558760618603, 800.6985875639139, 880.701283394575, 903.5997030263411]",800.6985875639139,925.822021484375,0.3785082430457681,replay,2026-09-14T14:28:17
2026-08-30 11:00:00,2026-08-30 12:00:00,1,catboost_A_kt,"[486.20938608967435, 588.9117204672128, 677.8817278631683, 739.3346289139402, 793.7411720282602]",677.8817278631683,843.2504272460938,0.7230148534822045,replay,2026-09-14T14:28:17
2026-08-30 11:00:00,2026-08-30 13:00:00,2,catboost_A_kt,"[580.9944974029925, 686.8886906901038, 793.6294991248378, 856.6618852354533, 884.6203787060255]",793.6294991248378,925.822021484375,0.7230148534822045,replay,2026-09-14T14:28:17
2026-08-30 11:00:00,2026-08-30 14:00:00,3,catboost_A_kt,"[562.1113187951865, 687.5232868313223, 789.1921929489887, 857.7793765175362, 892.7842075993052]",789.1921929489887,932.8331909179688,0.7230148534822045,replay,2026-09-14T14:28:17
2026-08-30 12:00:00,2026-08-30 13:00:00,1,catboost_A_kt,"[639.5161838044726, 716.5631718736036, 774.7036540320124, 845.9285219849206, 883.6502984311009]",774.7036540320124,925.822021484375,0.6012448753675408,replay,2026-09-14T14:28:17
2026-08-30 12:00:00,2026-08-30 14:00:00,2,catboost_A_kt,"[587.9919831911167, 695.4219008216139, 774.04815612259, 849.0953397214591, 891.0092676886693]",774.04815612259,932.8331909179688,0.6012448753675408,replay,2026-09-14T14:28:17
2026-08-30 12:00:00,2026-08-30 15:00:00,3,catboost_A_kt,"[476.0225621676307, 595.8654052934056, 689.5747807015321, 772.050466973067, 808.0661517124599]",689.5747807015321,863.7437133789062,0.6012448753675408,replay,2026-09-14T14:28:17
2026-08-30 13:00:00,2026-08-30 14:00:00,1,catboost_A_kt,"[782.6319362814895, 832.4758075387665, 860.3873066906367, 881.6679740614239, 900.8575890649757]",860.3873066906367,932.8331909179688,0.7960493191170076,replay,2026-09-14T14:28:17
2026-08-30 13:00:00,2026-08-30 15:00:00,2,catboost_A_kt,"[633.410784506988, 696.0998181905032, 755.1618995937921, 801.9928356484533, 830.2273975920258]",755.1618995937921,863.7437133789062,0.7960493191170076,replay,2026-09-14T14:28:17
2026-08-30 13:00:00,2026-08-30 16:00:00,3,catboost_A_kt,"[520.2721530478078, 573.5478385230756, 625.3594307247284, 671.1197614558303, 698.9884101190031]",625.3594307247284,723.8847045898438,0.7960493191170076,replay,2026-09-14T14:28:17
2026-08-30 14:00:00,2026-08-30 15:00:00,1,catboost_A_kt,"[741.1003074477644, 783.6956797300917, 804.181931332613, 827.8177283419363, 844.4656028899531]",804.181931332613,863.7437133789062,0.9197785866559152,replay,2026-09-14T14:28:17
2026-08-30 14:00:00,2026-08-30 16:00:00,2,catboost_A_kt,"[586.1795007887578, 623.5648115067952, 658.5609920264576, 689.7299514705799, 710.917503731865]",658.5609920264576,723.8847045898438,0.9197785866559152,replay,2026-09-14T14:28:17
2026-08-30 14:00:00,2026-08-30 17:00:00,3,catboost_A_kt,"[418.28124990412664, 455.2054749067588, 484.50377819009225, 508.0464857194808, 521.3853290411748]",484.50377819009225,524.7617797851562,0.9197785866559152,replay,2026-09-14T14:28:17
2026-08-31 08:00:00,2026-08-31 09:00:00,1,catboost_A_kt,"[86.47904285716734, 115.71583531072028, 149.97372959030108, 202.9430502430838, 239.150265925964]",149.97372959030108,242.69557189941406,1.3248693375357603,replay,2026-09-14T14:28:17
2026-08-31 08:00:00,2026-08-31 10:00:00,2,catboost_A_kt,"[224.96986869386086, 264.1948123566098, 331.7037472001262, 423.10039395630275, 459.21117006051395]",331.7037472001262,484.57586669921875,1.3248693375357603,replay,2026-09-14T14:28:17
2026-08-31 08:00:00,2026-08-31 11:00:00,3,catboost_A_kt,"[419.41280467751136, 492.085572802147, 570.9910125981652, 631.7701083444174, 654.4304925691175]",570.9910125981652,692.6455688476562,1.3248693375357603,replay,2026-09-14T14:28:17
2026-08-31 09:00:00,2026-08-31 10:00:00,1,catboost_A_kt,"[149.01894020370162, 177.48175199576784, 224.72772756246042, 282.0998143997137, 336.16733856616435]",224.72772756246042,484.57586669921875,0.412038836497526,replay,2026-09-14T14:28:17
2026-08-31 09:00:00,2026-08-31 11:00:00,2,catboost_A_kt,"[277.06622505932, 362.4546695504912, 490.63891790182936, 579.3099703867027, 622.8821103652558]",490.63891790182936,692.6455688476562,0.412038836497526,replay,2026-09-14T14:28:17
2026-08-31 09:00:00,2026-08-31 12:00:00,3,catboost_A_kt,"[427.9122640124219, 556.0697917525836, 694.5891140747801, 776.3824489569527, 812.4762361029392]",694.5891140747801,844.2075805664062,0.412038836497526,replay,2026-09-14T14:28:17
2026-08-31 10:00:00,2026-08-31 11:00:00,1,catboost_A_kt,"[254.70598037300832, 307.19201195560373, 389.5900756160896, 473.4231385681116, 544.936414146884]",389.5900756160896,692.6455688476562,0.3136763750670487,replay,2026-09-14T14:28:17
2026-08-31 10:00:00,2026-08-31 12:00:00,2,catboost_A_kt,"[336.82209578652464, 430.7188293897518, 588.1610914387213, 714.4865559169834, 761.5642011465745]",588.1610914387213,844.2075805664062,0.3136763750670487,replay,2026-09-14T14:28:17
2026-08-31 10:00:00,2026-08-31 13:00:00,3,catboost_A_kt,"[470.6091999464667, 619.4211208074312, 757.9472912972664, 842.3598772136326, 886.5715247275165]",757.9472912972664,926.505615234375,0.3136763750670487,replay,2026-09-14T14:28:17
2026-08-31 11:00:00,2026-08-31 12:00:00,1,catboost_A_kt,"[336.9041236675794, 424.63031024882895, 507.36065890780526, 605.580176769078, 679.4062809757701]",507.36065890780526,844.2075805664062,0.3638224530839802,replay,2026-09-14T14:28:17
2026-08-31 11:00:00,2026-08-31 13:00:00,2,catboost_A_kt,"[459.97007065813943, 563.955572808223, 700.8956345655718, 826.079813577352, 876.6556489835257]",700.8956345655718,926.505615234375,0.3638224530839802,replay,2026-09-14T14:28:17
2026-08-31 11:00:00,2026-08-31 14:00:00,3,catboost_A_kt,"[535.1562171000193, 684.8917047763304, 798.365528112236, 881.4857473379882, 909.8866540746186]",798.365528112236,933.1267700195312,0.3638224530839802,replay,2026-09-14T14:28:17
2026-08-31 12:00:00,2026-08-31 13:00:00,1,catboost_A_kt,"[595.722755010613, 690.5623774701197, 750.9747900992726, 813.596829793645, 861.284934793147]",750.9747900992726,926.505615234375,0.4690789521402865,replay,2026-09-14T14:28:17
2026-08-31 12:00:00,2026-08-31 14:00:00,2,catboost_A_kt,"[552.200025767323, 674.9970294651193, 785.2070231541651, 858.5623307939177, 896.7471340581191]",785.2070231541651,933.1267700195312,0.4690789521402865,replay,2026-09-14T14:28:17
2026-08-31 12:00:00,2026-08-31 15:00:00,3,catboost_A_kt,"[530.1102091852313, 638.6015643194781, 728.6966304217615, 802.1014979641213, 829.8481412715436]",728.6966304217615,863.5604248046875,0.4690789521402865,replay,2026-09-14T14:28:17
2026-08-31 13:00:00,2026-08-31 14:00:00,1,catboost_A_kt,"[611.4862649378147, 692.4475511680781, 773.289895116908, 856.171364021732, 883.9060765096368]",773.289895116908,933.1267700195312,0.5763591590986803,replay,2026-09-14T14:28:17
2026-08-31 13:00:00,2026-08-31 15:00:00,2,catboost_A_kt,"[537.3826052777509, 628.0299620033985, 720.4115977067008, 798.3778837869414, 832.4220086227069]",720.4115977067008,863.5604248046875,0.5763591590986803,replay,2026-09-14T14:28:17
2026-08-31 13:00:00,2026-08-31 16:00:00,3,catboost_A_kt,"[479.69119832841, 562.0215819620875, 631.6628395002618, 682.3313087344992, 703.8073841264297]",631.6628395002618,723.179931640625,0.5763591590986803,replay,2026-09-14T14:28:17
2026-08-31 14:00:00,2026-08-31 15:00:00,1,catboost_A_kt,"[496.0237606410898, 582.16571190137, 676.8261826160384, 747.3110312720754, 794.9969810646188]",676.8261826160384,863.5604248046875,0.7308760396308623,replay,2026-09-14T14:28:17
2026-08-31 14:00:00,2026-08-31 16:00:00,2,catboost_A_kt,"[453.3359303357488, 528.7384249160197, 599.9070438389996, 661.5705663357284, 687.724582313427]",599.9070438389996,723.179931640625,0.7308760396308623,replay,2026-09-14T14:28:17
2026-08-31 14:00:00,2026-08-31 17:00:00,3,catboost_A_kt,"[330.9595616514009, 396.74328833403916, 454.66235089147654, 495.1816422460787, 512.1391174569102]",454.66235089147654,523.5542602539062,0.7308760396308623,replay,2026-09-14T14:28:17
2026-09-01 08:00:00,2026-09-01 09:00:00,1,catboost_A_kt,"[220.11332829121878, 240.6928897052918, 249.32646369883267, 257.2396385681843, 263.7626892650806]",249.32646369883267,243.6713409423828,1.2830267031666474,replay,2026-09-14T14:28:17
2026-09-01 08:00:00,2026-09-01 10:00:00,2,catboost_A_kt,"[414.12961463459897, 443.29692325586893, 461.1442040679701, 480.7395896262463, 499.3266854916747]",461.1442040679701,485.677001953125,1.2830267031666474,replay,2026-09-14T14:28:17
2026-09-01 08:00:00,2026-09-01 11:00:00,3,catboost_A_kt,"[586.2496535571735, 625.1785463519884, 653.252860272578, 673.8629479687812, 687.9094065743504]",653.252860272578,693.7333374023438,1.2830267031666474,replay,2026-09-14T14:28:17
2026-09-01 09:00:00,2026-09-01 10:00:00,1,catboost_A_kt,"[410.3248963800879, 435.15719052223, 452.96339710538615, 462.28920293764764, 472.0115336142095]",452.96339710538615,485.677001953125,0.9069593397527856,replay,2026-09-14T14:28:17
2026-09-01 09:00:00,2026-09-01 11:00:00,2,catboost_A_kt,"[572.291024478275, 607.7433849439647, 638.4647787835007, 669.4683883141364, 683.2534245816987]",638.4647787835007,693.7333374023438,0.9069593397527856,replay,2026-09-14T14:28:17
2026-09-01 09:00:00,2026-09-01 12:00:00,3,catboost_A_kt,"[632.3078462331065, 698.2353339643114, 756.8732215268974, 799.3807764564862, 820.4564062575213]",756.8732215268974,845.1447143554688,0.9069593397527856,replay,2026-09-14T14:28:17
2026-09-01 10:00:00,2026-09-01 11:00:00,1,catboost_A_kt,"[596.2592711678701, 624.480830726119, 641.3705219306497, 654.5782954801821, 669.5436272435644]",641.3705219306497,693.7333374023438,0.9100698496487912,replay,2026-09-14T14:28:17
2026-09-01 10:00:00,2026-09-01 12:00:00,2,catboost_A_kt,"[681.802609186159, 726.6731005240289, 769.1174387935932, 804.4282027255426, 822.937288008259]",769.1174387935932,845.1447143554688,0.9100698496487912,replay,2026-09-14T14:28:17
2026-09-01 10:00:00,2026-09-01 13:00:00,3,catboost_A_kt,"[670.6016886731687, 732.8461830720289, 808.3971739064141, 864.0630452991577, 891.3853880277577]",808.3971739064141,927.159423828125,0.9100698496487912,replay,2026-09-14T14:28:17
2026-09-01 11:00:00,2026-09-01 12:00:00,1,catboost_A_kt,"[703.03589309728, 731.0519524169666, 752.0621590048703, 771.6219568915145, 794.6300998124049]",752.0621590048703,845.1447143554688,0.8648856243948395,replay,2026-09-14T14:28:17
2026-09-01 11:00:00,2026-09-01 13:00:00,2,catboost_A_kt,"[668.6340029916072, 727.1079914546959, 788.1450636822276, 845.8173476742918, 874.2089002333421]",788.1450636822276,927.159423828125,0.8648856243948395,replay,2026-09-14T14:28:17
2026-09-01 11:00:00,2026-09-01 14:00:00,3,catboost_A_kt,"[609.9655791409507, 670.305128292959, 754.5010503984573, 832.0563851181265, 875.8837937119584]",754.5010503984573,933.3828125,0.8648856243948395,replay,2026-09-14T14:28:17
2026-09-01 12:00:00,2026-09-01 13:00:00,1,catboost_A_kt,"[690.5148692979059, 728.1992431758706, 768.1343709796782, 811.2365749400573, 845.9350786581823]",768.1343709796782,927.159423828125,0.8625741743010649,replay,2026-09-14T14:28:17
2026-09-01 12:00:00,2026-09-01 14:00:00,2,catboost_A_kt,"[623.419988735934, 685.0814726225975, 764.4720167553597, 832.966462613023, 873.8291138891788]",764.4720167553597,933.3828125,0.8625741743010649,replay,2026-09-14T14:28:17
2026-09-01 12:00:00,2026-09-01 15:00:00,3,catboost_A_kt,"[513.5668565864474, 589.8689965379705, 679.6108510605418, 763.1136556065028, 804.918026978353]",679.6108510605418,863.3343505859375,0.8625741743010649,replay,2026-09-14T14:28:17
2026-09-01 13:00:00,2026-09-01 14:00:00,1,catboost_A_kt,"[759.4580448154423, 774.1604212577247, 815.826326993583, 846.5028928764027, 871.6457793231007]",815.826326993583,933.3828125,0.8121580499067445,replay,2026-09-14T14:28:17
2026-09-01 13:00:00,2026-09-01 15:00:00,2,catboost_A_kt,"[585.6096042759541, 625.2713220496622, 696.2945353459398, 770.1619652349896, 805.5453690336695]",696.2945353459398,863.3343505859375,0.8121580499067445,replay,2026-09-14T14:28:17
2026-09-01 13:00:00,2026-09-01 16:00:00,3,catboost_A_kt,"[513.0481682771283, 544.6269480447487, 603.6457333397625, 644.7698754285293, 673.5601906492025]",603.6457333397625,722.4303588867188,0.8121580499067445,replay,2026-09-14T14:28:17
2026-09-01 14:00:00,2026-09-01 15:00:00,1,catboost_A_kt,"[776.2866757160674, 777.1942376690852, 778.328652483334, 781.2636667271323, 782.2551370864483]",778.328652483334,863.3343505859375,0.9642346284386668,replay,2026-09-14T14:28:17
2026-09-01 14:00:00,2026-09-01 16:00:00,2,catboost_A_kt,"[562.8117198172887, 585.693983928713, 627.5278093143135, 673.2220762656135, 682.1634429554206]",627.5278093143135,722.4303588867188,0.9642346284386668,replay,2026-09-14T14:28:17
2026-09-01 14:00:00,2026-09-01 17:00:00,3,catboost_A_kt,"[402.4126914327735, 425.2935145395176, 462.90529326597317, 482.2600813718735, 495.0136001670362]",462.90529326597317,522.3038940429688,0.9642346284386668,replay,2026-09-14T14:28:17
2026-09-02 08:00:00,2026-09-02 09:00:00,1,catboost_A_kt,"[220.90603954793045, 239.1560239647101, 242.20016937554615, 250.95410571566399, 257.2336581165156]",242.20016937554615,244.65721130371094,1.3970410669405195,replay,2026-09-14T14:28:17
2026-09-02 08:00:00,2026-09-02 10:00:00,2,catboost_A_kt,"[429.48752116419274, 448.8821081498415, 462.1106004152, 481.1969899946717, 498.9443021961463]",462.1106004152,486.77825927734375,1.3970410669405195,replay,2026-09-14T14:28:17
2026-09-02 08:00:00,2026-09-02 11:00:00,3,catboost_A_kt,"[610.7752513473694, 645.565469751136, 659.3361921979802, 677.9699582705167, 696.4070599092205]",659.3361921979802,694.81005859375,1.3970410669405195,replay,2026-09-14T14:28:17
2026-09-02 09:00:00,2026-09-02 10:00:00,1,catboost_A_kt,"[455.6295257598323, 459.06391696576156, 470.4609861202746, 476.16616560997534, 483.5750087656064]",470.4609861202746,486.77825927734375,0.980964346971288,replay,2026-09-14T14:28:17
2026-09-02 09:00:00,2026-09-02 11:00:00,2,catboost_A_kt,"[651.2971527869583, 658.9964260103617, 667.3793827023114, 679.9225606153839, 689.96567139864]",667.3793827023114,694.81005859375,0.980964346971288,replay,2026-09-14T14:28:17
2026-09-02 09:00:00,2026-09-02 12:00:00,3,catboost_A_kt,"[751.1157112218327, 788.400647397935, 803.777444842079, 829.0354420990387, 848.0683754981546]",803.777444842079,846.0599365234375,0.980964346971288,replay,2026-09-14T14:28:17
2026-09-02 10:00:00,2026-09-02 11:00:00,1,catboost_A_kt,"[647.1070159648714, 657.100630901899, 659.2576610080811, 663.9217948223016, 671.5695767932104]",659.2576610080811,694.81005859375,0.9388258016383264,replay,2026-09-14T14:28:17
2026-09-02 10:00:00,2026-09-02 12:00:00,2,catboost_A_kt,"[763.6856790129515, 785.1800753231036, 803.0046940403571, 817.3379301905981, 833.6778320063758]",803.0046940403571,846.0599365234375,0.9388258016383264,replay,2026-09-14T14:28:17
2026-09-02 10:00:00,2026-09-02 13:00:00,3,catboost_A_kt,"[809.0788829723729, 840.0487278954558, 879.6503865702576, 906.7457688821651, 920.7549172887027]",879.6503865702576,927.7818603515625,0.9388258016383264,replay,2026-09-14T14:28:17
2026-09-02 11:00:00,2026-09-02 12:00:00,1,catboost_A_kt,"[735.9293681950336, 764.9406946724567, 774.6979791966355, 790.2286192019892, 807.8983597204084]",774.6979791966355,846.0599365234375,0.939825192469704,replay,2026-09-14T14:28:17
2026-09-02 11:00:00,2026-09-02 13:00:00,2,catboost_A_kt,"[779.010454660668, 826.642644191132, 866.6990388134278, 892.9598703093529, 911.6541456486503]",866.6990388134278,927.7818603515625,0.939825192469704,replay,2026-09-14T14:28:17
2026-09-02 11:00:00,2026-09-02 14:00:00,3,catboost_A_kt,"[741.4454667373462, 793.0485799672925, 850.0734215154882, 888.645089613658, 905.5149968094175]",850.0734215154882,933.60009765625,0.939825192469704,replay,2026-09-14T14:28:17
2026-09-02 12:00:00,2026-09-02 13:00:00,1,catboost_A_kt,"[819.8340514840673, 840.2036397289033, 847.5948606643029, 863.0276974264114, 877.3820127554286]",847.5948606643029,927.7818603515625,0.9349219258019992,replay,2026-09-14T14:28:17
2026-09-02 12:00:00,2026-09-02 14:00:00,2,catboost_A_kt,"[688.7679695809084, 755.4131077164994, 818.1674650364924, 872.4190853676295, 900.4726130895993]",818.1674650364924,933.60009765625,0.9349219258019992,replay,2026-09-14T14:28:17
2026-09-02 12:00:00,2026-09-02 15:00:00,3,catboost_A_kt,"[630.5254990740757, 671.7556070394985, 740.3920536588641, 790.407301674116, 816.1097400354805]",740.3920536588641,863.06494140625,0.9349219258019992,replay,2026-09-14T14:28:17
2026-09-02 13:00:00,2026-09-02 14:00:00,1,catboost_A_kt,"[791.5773584554537, 820.1314027061238, 849.1949625106836, 874.5159081648402, 895.103379843668]",849.1949625106836,933.60009765625,0.8579602688472728,replay,2026-09-14T14:28:17
2026-09-02 13:00:00,2026-09-02 15:00:00,2,catboost_A_kt,"[689.920997864067, 737.0021503857052, 774.5106920429474, 812.1414432633043, 832.7858762126691]",774.5106920429474,863.06494140625,0.8579602688472728,replay,2026-09-14T14:28:17
2026-09-02 13:00:00,2026-09-02 16:00:00,3,catboost_A_kt,"[587.6967115446438, 626.3900433993729, 664.6104067075347, 688.0846733923905, 706.3885012811315]",664.6104067075347,721.6360473632812,0.8579602688472728,replay,2026-09-14T14:28:17
2026-09-02 14:00:00,2026-09-02 15:00:00,1,catboost_A_kt,"[775.7219220062805, 785.6629494284189, 807.390125224765, 824.392473550471, 839.4719628387601]",807.390125224765,863.06494140625,0.9233075584112423,replay,2026-09-14T14:28:17
2026-09-02 14:00:00,2026-09-02 16:00:00,2,catboost_A_kt,"[636.0866817881704, 670.4274038668544, 684.4316403967202, 703.8982773838168, 712.6475028753716]",684.4316403967202,721.6360473632812,0.9233075584112423,replay,2026-09-14T14:28:17
2026-09-02 14:00:00,2026-09-02 17:00:00,3,catboost_A_kt,"[431.6176055528469, 458.2241112387912, 481.6692619871244, 502.34631112030615, 514.2046106156919]",481.6692619871244,521.0111694335938,0.9233075584112423,replay,2026-09-14T14:28:17
2026-09-03 08:00:00,2026-09-03 09:00:00,1,catboost_A_kt,"[220.63907970414894, 241.9559949440586, 248.73545602153348, 256.4950249962252, 261.89928108357344]",248.73545602153348,245.65135192871094,1.4312921336614288,replay,2026-09-14T14:28:17
2026-09-03 08:00:00,2026-09-03 10:00:00,2,catboost_A_kt,"[429.9870017917377, 451.05947067730716, 468.28152151645475, 487.4348040402114, 501.14862082581294]",468.28152151645475,487.8775939941406,1.4312921336614288,replay,2026-09-14T14:28:17
2026-09-03 08:00:00,2026-09-03 11:00:00,3,catboost_A_kt,"[593.2455686418798, 640.3090097966781, 660.2847782821462, 680.3843448970534, 696.62475220426]",660.2847782821462,695.8736572265625,1.4312921336614288,replay,2026-09-14T14:28:17
2026-09-03 09:00:00,2026-09-03 10:00:00,1,catboost_A_kt,"[456.7472732114135, 462.3536161126154, 472.7820830290481, 478.71997784063734, 485.01471135894246]",472.7820830290481,487.8775939941406,0.9688527734901328,replay,2026-09-14T14:28:17
2026-09-03 09:00:00,2026-09-03 11:00:00,2,catboost_A_kt,"[630.0714233798888, 651.5795919581433, 666.8463579418756, 682.5981657646574, 692.5627406182521]",666.8463579418756,695.8736572265625,0.9688527734901328,replay,2026-09-14T14:28:17
2026-09-03 09:00:00,2026-09-03 12:00:00,3,catboost_A_kt,"[713.9398558377625, 772.8223966257423, 795.0900927919389, 824.1335191088789, 845.1631043114745]",795.0900927919389,846.951416015625,0.9688527734901328,replay,2026-09-14T14:28:17
2026-09-03 10:00:00,2026-09-03 11:00:00,1,catboost_A_kt,"[632.4747296017342, 646.7813863470933, 656.2815309984325, 665.1030471509672, 674.0843599582007]",656.2815309984325,695.8736572265625,0.9080146413719824,replay,2026-09-14T14:28:17
2026-09-03 10:00:00,2026-09-03 12:00:00,2,catboost_A_kt,"[758.0081746017472, 781.3929777071137, 805.4034157810878, 822.8334633558228, 841.0558397547877]",805.4034157810878,846.951416015625,0.9080146413719824,replay,2026-09-14T14:28:17
2026-09-03 10:00:00,2026-09-03 13:00:00,3,catboost_A_kt,"[809.8181138348656, 834.0982741427058, 874.8423020049162, 901.5970532669655, 918.3908886263087]",874.8423020049162,928.3713989257812,0.9080146413719824,replay,2026-09-14T14:28:17
2026-09-03 11:00:00,2026-09-03 12:00:00,1,catboost_A_kt,"[770.4792367158846, 787.2810913547695, 789.321855960459, 809.83274944173, 821.3093860317584]",789.321855960459,846.951416015625,0.9369517321418898,replay,2026-09-14T14:28:17
2026-09-03 11:00:00,2026-09-03 13:00:00,2,catboost_A_kt,"[836.6392256804103, 861.5997427481165, 890.0215168378422, 905.7217024306788, 922.3026619820622]",890.0215168378422,928.3713989257812,0.9369517321418898,replay,2026-09-14T14:28:17
2026-09-03 11:00:00,2026-09-03 14:00:00,3,catboost_A_kt,"[802.4435988481287, 835.1378142304409, 880.3224665264355, 905.5540049615577, 917.6257766985344]",880.3224665264355,933.7775268554688,0.9369517321418898,replay,2026-09-14T14:28:17
2026-09-03 12:00:00,2026-09-03 13:00:00,1,catboost_A_kt,"[880.4871284803298, 891.9443885222529, 899.7919425909905, 904.3423888790194, 915.8140897634343]",899.7919425909905,928.3713989257812,0.9610940920060332,replay,2026-09-14T14:28:17
2026-09-03 12:00:00,2026-09-03 14:00:00,2,catboost_A_kt,"[830.9848492177965, 871.6326276221679, 891.259221126115, 917.0729771598825, 931.6099663356657]",891.259221126115,933.7775268554688,0.9610940920060332,replay,2026-09-14T14:28:17
2026-09-03 12:00:00,2026-09-03 15:00:00,3,catboost_A_kt,"[730.6572898798805, 771.9276413890774, 815.1305404558342, 841.9541708542239, 857.6085226581333]",815.1305404558342,862.75146484375,0.9610940920060332,replay,2026-09-14T14:28:17
2026-09-03 13:00:00,2026-09-03 14:00:00,1,catboost_A_kt,"[898.2227990637281, 902.7570732406516, 913.6858074328453, 918.277895609825, 925.7621341230104]",913.6858074328453,933.7775268554688,0.9651309600859,replay,2026-09-14T14:28:17
2026-09-03 13:00:00,2026-09-03 15:00:00,2,catboost_A_kt,"[793.0034135363118, 823.1187818430793, 835.5408702097866, 855.9573703504467, 867.6307544750142]",835.5408702097866,862.75146484375,0.9651309600859,replay,2026-09-14T14:28:17
2026-09-03 13:00:00,2026-09-03 16:00:00,3,catboost_A_kt,"[645.5725862502396, 672.4109645556583, 696.6803273825317, 713.7577220183192, 726.1007621740883]",696.6803273825317,720.7968139648438,0.9651309600859,replay,2026-09-14T14:28:17
2026-09-03 14:00:00,2026-09-03 15:00:00,1,catboost_A_kt,"[817.7166332709467, 818.2729290934944, 830.2523068039859, 839.8480959295331, 850.8327740981284]",830.2523068039859,862.75146484375,0.9648979468327468,replay,2026-09-14T14:28:17
2026-09-03 14:00:00,2026-09-03 16:00:00,2,catboost_A_kt,"[664.4581935416979, 685.2805626508953, 699.0590328842325, 715.2007395815401, 724.2465771617216]",699.0590328842325,720.7968139648438,0.9648979468327468,replay,2026-09-14T14:28:17
2026-09-03 14:00:00,2026-09-03 17:00:00,3,catboost_A_kt,"[451.42659053852276, 479.5585490553552, 501.0466652289041, 516.9895674241461, 526.7410805454922]",501.0466652289041,519.6766967773438,0.9648979468327468,replay,2026-09-14T14:28:17
2026-09-04 08:00:00,2026-09-04 09:00:00,1,catboost_A_kt,"[217.1703854851344, 237.07953826937086, 245.51010947433372, 255.23124916624596, 263.23544912780955]",245.51010947433372,246.65200805664062,1.439124736138135,replay,2026-09-14T14:28:17
2026-09-04 08:00:00,2026-09-04 10:00:00,2,catboost_A_kt,"[404.4964141207394, 436.61150266897704, 457.0569646437167, 480.78936043710837, 497.4832069783609]",457.0569646437167,488.97296142578125,1.439124736138135,replay,2026-09-14T14:28:17
2026-09-04 08:00:00,2026-09-04 11:00:00,3,catboost_A_kt,"[550.7615496810416, 607.9468889655689, 645.3861084535986, 668.9648205204778, 688.0069187413828]",645.3861084535986,696.9220581054688,1.439124736138135,replay,2026-09-14T14:28:17
2026-09-04 09:00:00,2026-09-04 10:00:00,1,catboost_A_kt,"[408.8170425697155, 426.1263171845733, 443.39304221696887, 455.16817203468014, 470.6393335369641]",443.39304221696887,488.97296142578125,0.9770850825928832,replay,2026-09-14T14:28:17
2026-09-04 09:00:00,2026-09-04 11:00:00,2,catboost_A_kt,"[548.1568512614891, 590.926233793766, 625.4977908801958, 655.1650073981307, 675.9631843779449]",625.4977908801958,696.9220581054688,0.9770850825928832,replay,2026-09-14T14:28:17
2026-09-04 09:00:00,2026-09-04 12:00:00,3,catboost_A_kt,"[599.8656893129721, 668.394812338238, 736.7592439358588, 786.7221059386694, 810.3361136555241]",736.7592439358588,847.8172607421875,0.9770850825928832,replay,2026-09-14T14:28:17
2026-09-04 10:00:00,2026-09-04 11:00:00,1,catboost_A_kt,"[566.164160916193, 592.1409452796288, 612.6892087032935, 635.0609801625998, 652.4955446702608]",612.6892087032935,696.9220581054688,0.912115868958138,replay,2026-09-14T14:28:17
2026-09-04 10:00:00,2026-09-04 12:00:00,2,catboost_A_kt,"[648.2423315682876, 696.8816121508618, 741.8613378825636, 777.8495884887259, 799.4061781508861]",741.8613378825636,847.8172607421875,0.912115868958138,replay,2026-09-14T14:28:17
2026-09-04 10:00:00,2026-09-04 13:00:00,3,catboost_A_kt,"[671.7899452821782, 731.74461017871, 812.1899490353935, 860.3405585407359, 882.4105088418481]",812.1899490353935,928.926513671875,0.912115868958138,replay,2026-09-14T14:28:17
2026-09-04 11:00:00,2026-09-04 12:00:00,1,catboost_A_kt,"[685.6200674764224, 721.9712883897753, 740.5122996848015, 765.3112231373667, 786.8804942206053]",740.5122996848015,847.8172607421875,0.8838865340647455,replay,2026-09-14T14:28:17
2026-09-04 11:00:00,2026-09-04 13:00:00,2,catboost_A_kt,"[703.7599488076293, 757.4841222808546, 810.3173039194156, 858.2707692141631, 883.126629196692]",810.3173039194156,928.926513671875,0.8838865340647455,replay,2026-09-14T14:28:17
2026-09-04 11:00:00,2026-09-04 14:00:00,3,catboost_A_kt,"[688.5806379685046, 746.8121281973854, 814.7720708758193, 867.5005956513916, 888.2127844263528]",814.7720708758193,933.9140014648438,0.8838865340647455,replay,2026-09-14T14:28:17
2026-09-04 12:00:00,2026-09-04 13:00:00,1,catboost_A_kt,"[802.3954028421533, 828.5304960250244, 842.465016049315, 863.3464494419118, 884.5823716021499]",842.465016049315,928.926513671875,0.909394086240338,replay,2026-09-14T14:28:17
2026-09-04 12:00:00,2026-09-04 14:00:00,2,catboost_A_kt,"[761.7434428770514, 808.208430338045, 855.9645128731822, 888.280587247393, 905.3424772072312]",855.9645128731822,933.9140014648438,0.909394086240338,replay,2026-09-14T14:28:17
2026-09-04 12:00:00,2026-09-04 15:00:00,3,catboost_A_kt,"[672.8041442924444, 722.2507574472725, 779.2865543497215, 819.1266061208482, 839.5181349879243]",779.2865543497215,862.3934936523438,0.909394086240338,replay,2026-09-14T14:28:17
2026-09-04 13:00:00,2026-09-04 14:00:00,1,catboost_A_kt,"[867.5132135105364, 890.0055216036103, 898.5185722749991, 903.5269428621372, 914.309703410864]",898.5185722749991,933.9140014648438,0.9484065706758534,replay,2026-09-14T14:28:17
2026-09-04 13:00:00,2026-09-04 15:00:00,2,catboost_A_kt,"[759.2282053093393, 798.4352239446739, 825.8232474618401, 847.6617905238235, 857.4353087981742]",825.8232474618401,862.3934936523438,0.9484065706758534,replay,2026-09-14T14:28:17
2026-09-04 13:00:00,2026-09-04 16:00:00,3,catboost_A_kt,"[609.2957920363529, 635.8152099373214, 675.2302815734172, 698.9228990565337, 715.0801854362701]",675.2302815734172,719.9127807617188,0.9484065706758534,replay,2026-09-14T14:28:17
2026-09-04 14:00:00,2026-09-04 15:00:00,1,catboost_A_kt,"[810.3677638200348, 813.8484825646673, 828.5888180713124, 841.2263511835582, 857.4112616974209]",828.5888180713124,862.3934936523438,0.9679692084117896,replay,2026-09-14T14:28:17
2026-09-04 14:00:00,2026-09-04 16:00:00,2,catboost_A_kt,"[662.5314055320525, 682.7863791381633, 699.0590439238747, 713.1402096708263, 724.7940846184887]",699.0590439238747,719.9127807617188,0.9679692084117896,replay,2026-09-14T14:28:17
2026-09-04 14:00:00,2026-09-04 17:00:00,3,catboost_A_kt,"[469.8026326791939, 491.45163707044253, 505.2230844567855, 518.2747101581645, 528.7312305127232]",505.2230844567855,518.3009033203125,0.9679692084117896,replay,2026-09-14T14:28:17
2026-09-05 08:00:00,2026-09-05 09:00:00,1,catboost_A_kt,"[220.37011830859944, 242.0593265651013, 247.8425515804297, 256.13587312264366, 263.396750652528]",247.8425515804297,247.65744018554688,1.371630180893348,replay,2026-09-14T14:28:17
2026-09-05 08:00:00,2026-09-05 10:00:00,2,catboost_A_kt,"[442.3207481493384, 459.25648950014863, 473.88897685044327, 487.95564159533734, 503.05288142492554]",473.88897685044327,490.0624084472656,1.371630180893348,replay,2026-09-14T14:28:17
2026-09-05 08:00:00,2026-09-05 11:00:00,3,catboost_A_kt,"[600.2167342136496, 639.8121939028441, 656.9090945872762, 677.9807753902161, 694.4069196637247]",656.9090945872762,697.9533081054688,1.371630180893348,replay,2026-09-14T14:28:17
2026-09-05 09:00:00,2026-09-05 10:00:00,1,catboost_A_kt,"[458.7065748691982, 459.32375786130655, 465.71290635018744, 473.454907129746, 483.9200463725126]",465.71290635018744,490.0624084472656,0.9771561928155575,replay,2026-09-14T14:28:17
2026-09-05 09:00:00,2026-09-05 11:00:00,2,catboost_A_kt,"[642.1493229910222, 655.4495733799222, 671.9499384758633, 683.3490609384166, 694.7866850290067]",671.9499384758633,697.9533081054688,0.9771561928155575,replay,2026-09-14T14:28:17
2026-09-05 09:00:00,2026-09-05 12:00:00,3,catboost_A_kt,"[722.486972837156, 768.2999074219227, 798.9567123804526, 824.9115649542523, 844.6159964420962]",798.9567123804526,848.6557006835938,0.9771561928155575,replay,2026-09-14T14:28:17
2026-09-05 10:00:00,2026-09-05 11:00:00,1,catboost_A_kt,"[646.9073651069198, 657.0689097850274, 664.5306444845567, 671.471057225766, 677.1500108426318]",664.5306444845567,697.9533081054688,0.9488587233871528,replay,2026-09-14T14:28:17
2026-09-05 10:00:00,2026-09-05 12:00:00,2,catboost_A_kt,"[762.8027549111603, 788.379518737318, 811.1244079427623, 829.3680361942892, 844.9463318415629]",811.1244079427623,848.6557006835938,0.9488587233871528,replay,2026-09-14T14:28:17
2026-09-05 10:00:00,2026-09-05 13:00:00,3,catboost_A_kt,"[788.6321921815343, 829.7936565274338, 876.2736553168003, 905.4470685799001, 921.5938895262474]",876.2736553168003,929.4456787109375,0.9488587233871528,replay,2026-09-14T14:28:17
2026-09-05 11:00:00,2026-09-05 12:00:00,1,catboost_A_kt,"[795.9677646744051, 810.4148274460332, 814.7710169776443, 823.2386820239186, 837.2190760349434]",814.7710169776443,848.6557006835938,0.95565129333171,replay,2026-09-14T14:28:17
2026-09-05 11:00:00,2026-09-05 13:00:00,2,catboost_A_kt,"[839.0132068666165, 866.8947015701435, 890.5753167702416, 913.1931729407681, 929.4101571622217]",890.5753167702416,929.4456787109375,0.95565129333171,replay,2026-09-14T14:28:17
2026-09-05 11:00:00,2026-09-05 14:00:00,3,catboost_A_kt,"[791.2314910556156, 826.3586475629619, 876.8043659009456, 907.3689759772132, 926.52249630096]",876.8043659009456,934.0084838867188,0.95565129333171,replay,2026-09-14T14:28:17
2026-09-05 12:00:00,2026-09-05 13:00:00,1,catboost_A_kt,"[868.9874144575089, 887.2986647034212, 891.2269242646363, 896.6338981800432, 906.7116403821301]",891.2269242646363,929.4456787109375,0.9462023295345016,replay,2026-09-14T14:28:17
2026-09-05 12:00:00,2026-09-05 14:00:00,2,catboost_A_kt,"[821.5842117510316, 865.8367893752851, 884.206427141646, 916.4049577904615, 930.9769878977955]",884.206427141646,934.0084838867188,0.9462023295345016,replay,2026-09-14T14:28:17
2026-09-05 12:00:00,2026-09-05 15:00:00,3,catboost_A_kt,"[736.5562917516862, 775.4176425194726, 824.1201506172324, 844.5334879155381, 858.4048351792117]",824.1201506172324,861.9904174804688,0.9462023295345016,replay,2026-09-14T14:28:17
2026-09-05 13:00:00,2026-09-05 14:00:00,1,catboost_A_kt,"[872.5875494109207, 891.8520209458474, 904.7700449455069, 915.67605759304, 924.0042750725771]",904.7700449455069,934.0084838867188,0.9457249999224928,replay,2026-09-14T14:28:17
2026-09-05 13:00:00,2026-09-05 15:00:00,2,catboost_A_kt,"[750.502832116409, 804.1928186068561, 824.2723867208641, 847.5568323745041, 858.1054278475552]",824.2723867208641,861.9904174804688,0.9457249999224928,replay,2026-09-14T14:28:17
2026-09-05 13:00:00,2026-09-05 16:00:00,3,catboost_A_kt,"[598.9281002006632, 640.84973543788, 677.352478326744, 700.6316923147134, 716.1757473599027]",677.352478326744,718.98388671875,0.9457249999224928,replay,2026-09-14T14:28:17
2026-09-05 14:00:00,2026-09-05 15:00:00,1,catboost_A_kt,"[794.0338591192374, 806.6595251188891, 822.0259083091559, 834.3228542926776, 846.423227629504]",822.0259083091559,861.9904174804688,0.9485995067923872,replay,2026-09-14T14:28:17
2026-09-05 14:00:00,2026-09-05 16:00:00,2,catboost_A_kt,"[643.0625964911926, 670.4763524134845, 685.0121043273074, 705.3931987867471, 714.5581837481856]",685.0121043273074,718.98388671875,0.9485995067923872,replay,2026-09-14T14:28:17
2026-09-05 14:00:00,2026-09-05 17:00:00,3,catboost_A_kt,"[433.10690864506927, 467.64609805083586, 494.40677654597135, 509.85792987278114, 519.3871175152392]",494.40677654597135,516.8844604492188,0.9485995067923872,replay,2026-09-14T14:28:17
2026-09-14 15:00:00,2026-09-14 16:00:00,1,catboost_A_kt,"[445.8444315299528, 498.58619398804876, 558.3586542625727, 601.4186613888157, 636.5396429496875]",558.3586542625727,708.6046142578125,0.8408751136656656,live,2026-09-14T15:08:05
2026-09-14 15:00:00,2026-09-14 17:00:00,2,catboost_A_kt,"[259.379393907237, 319.70004255857503, 375.17737395500313, 425.7329972937454, 448.92070884810533]",375.17737395500313,502.3883361816406,0.8408751136656656,live,2026-09-14T15:08:05
2026-09-14 15:00:00,2026-09-14 18:00:00,3,catboost_A_kt,"[146.71277392205516, 177.2044080242567, 204.22883616995742, 228.68424534586552, 242.0447598738536]",204.22883616995742,259.9508972167969,0.8408751136656656,live,2026-09-14T15:08:05
2026-09-14 16:00:00,2026-09-14 17:00:00,1,catboost_A_kt,"[345.84773059625473, 387.46459220786085, 416.0867839223191, 439.51800937938356, 444.19905428968065]",416.0867839223191,502.3883361816406,0.7070233595245141,live,2026-09-14T16:01:54
2026-09-14 16:00:00,2026-09-14 18:00:00,2,catboost_A_kt,"[145.5095938940308, 184.64240397616325, 204.62758621575816, 225.04477815230632, 237.53148411089927]",204.62758621575816,259.9508972167969,0.7070233595245141,live,2026-09-14T16:01:54
2026-09-14 16:00:00,2026-09-14 19:00:00,3,catboost_A_kt,"[27.666040528843048, 32.94695720208085, 38.12157820878459, 42.62643314310007, 44.44571187910568]",38.12157820878459,46.39879608154297,0.7070233595245141,live,2026-09-14T16:01:54
2026-09-16 13:00:00,2026-09-16 14:00:00,1,catboost_A_kt,"[775.1999210821332, 838.4217011723279, 869.42803234918, 893.3813293138946, 911.9131893236787]",869.42803234918,933.2129516601562,0.8643829771547307,live,2026-09-16T13:14:39
2026-09-16 13:00:00,2026-09-16 15:00:00,2,catboost_A_kt,"[654.4660683640285, 733.657536656535, 776.1001093167506, 815.3528784411425, 834.2531950498819]",776.1001093167506,855.6240234375,0.8643829771547307,live,2026-09-16T13:14:39
2026-09-16 13:00:00,2026-09-16 16:00:00,3,catboost_A_kt,"[523.4847194331938, 597.1729445334323, 646.0020173374811, 676.1943701292065, 696.1031082080348]",646.0020173374811,706.9447021484375,0.8643829771547307,live,2026-09-16T13:14:39
