issue_time,valid_time,horizon_h,source,mode,median,lower,upper,actual,error,abs_error,in_interval
2026-08-06 14:00:00,2026-08-06 15:00:00,1,analysis,replay,779.71,730.57,811.58,866.0,-86.29,86.29,0
2026-08-06 14:00:00,2026-08-06 15:00:00,1,era5,replay,779.71,730.57,811.58,791.0,-11.29,11.29,1
2026-08-06 14:00:00,2026-08-06 16:00:00,2,analysis,replay,655.06,588.98,701.54,760.0,-104.94,104.94,0
2026-08-06 14:00:00,2026-08-06 16:00:00,2,era5,replay,655.06,588.98,701.54,653.0,2.06,2.06,1
2026-08-06 14:00:00,2026-08-06 17:00:00,3,analysis,replay,484.96,423.71,521.65,575.0,-90.04,90.04,0
2026-08-06 14:00:00,2026-08-06 17:00:00,3,era5,replay,484.96,423.71,521.65,508.0,-23.04,23.04,1
2026-08-07 08:00:00,2026-08-07 09:00:00,1,analysis,replay,199.41,121.13,231.76,256.0,-56.59,56.59,0
2026-08-07 08:00:00,2026-08-07 09:00:00,1,era5,replay,199.41,121.13,231.76,151.0,48.41,48.41,1
2026-08-07 08:00:00,2026-08-07 10:00:00,2,analysis,replay,399.64,261.06,455.09,447.0,-47.36,47.36,1
2026-08-07 08:00:00,2026-08-07 10:00:00,2,era5,replay,399.64,261.06,455.09,342.0,57.64,57.64,1
2026-08-07 08:00:00,2026-08-07 11:00:00,3,analysis,replay,573.15,383.27,640.33,678.0,-104.85,104.85,0
2026-08-07 08:00:00,2026-08-07 11:00:00,3,era5,replay,573.15,383.27,640.33,483.0,90.15,90.15,1
2026-08-07 09:00:00,2026-08-07 10:00:00,1,analysis,replay,327.6,256.96,398.5,447.0,-119.4,119.4,0
2026-08-07 09:00:00,2026-08-07 10:00:00,1,era5,replay,327.6,256.96,398.5,342.0,-14.4,14.4,1
2026-08-07 09:00:00,2026-08-07 11:00:00,2,analysis,replay,508.54,327.35,614.6,678.0,-169.46,169.46,0
2026-08-07 09:00:00,2026-08-07 11:00:00,2,era5,replay,508.54,327.35,614.6,483.0,25.54,25.54,1
2026-08-07 09:00:00,2026-08-07 12:00:00,3,analysis,replay,641.82,414.48,758.85,839.0,-197.18,197.18,0
2026-08-07 09:00:00,2026-08-07 12:00:00,3,era5,replay,641.82,414.48,758.85,748.0,-106.18,106.18,1
2026-08-07 10:00:00,2026-08-07 11:00:00,1,analysis,replay,551.77,455.63,612.74,678.0,-126.23,126.23,0
2026-08-07 10:00:00,2026-08-07 11:00:00,1,era5,replay,551.77,455.63,612.74,483.0,68.77,68.77,1
2026-08-07 10:00:00,2026-08-07 12:00:00,2,analysis,replay,662.05,465.19,757.74,839.0,-176.95,176.95,0
2026-08-07 10:00:00,2026-08-07 12:00:00,2,era5,replay,662.05,465.19,757.74,748.0,-85.95,85.95,1
2026-08-07 10:00:00,2026-08-07 13:00:00,3,analysis,replay,703.58,495.19,816.98,935.0,-231.42,231.42,0
2026-08-07 10:00:00,2026-08-07 13:00:00,3,era5,replay,703.58,495.19,816.98,868.0,-164.42,164.42,0
2026-08-07 11:00:00,2026-08-07 12:00:00,1,analysis,replay,663.27,545.8,730.73,839.0,-175.73,175.73,0
2026-08-07 11:00:00,2026-08-07 12:00:00,1,era5,replay,663.27,545.8,730.73,748.0,-84.73,84.73,0
2026-08-07 11:00:00,2026-08-07 13:00:00,2,analysis,replay,707.06,522.09,825.38,935.0,-227.94,227.94,0
2026-08-07 11:00:00,2026-08-07 13:00:00,2,era5,replay,707.06,522.09,825.38,868.0,-160.94,160.94,0
2026-08-07 11:00:00,2026-08-07 14:00:00,3,analysis,replay,705.86,518.23,841.9,950.0,-244.14,244.14,0
2026-08-07 11:00:00,2026-08-07 14:00:00,3,era5,replay,705.86,518.23,841.9,907.0,-201.14,201.14,0
2026-08-07 12:00:00,2026-08-07 13:00:00,1,analysis,replay,826.18,766.97,866.83,935.0,-108.82,108.82,0
2026-08-07 12:00:00,2026-08-07 13:00:00,1,era5,replay,826.18,766.97,866.83,868.0,-41.82,41.82,0
2026-08-07 12:00:00,2026-08-07 14:00:00,2,analysis,replay,831.52,739.97,889.25,950.0,-118.48,118.48,0
2026-08-07 12:00:00,2026-08-07 14:00:00,2,era5,replay,831.52,739.97,889.25,907.0,-75.48,75.48,0
2026-08-07 12:00:00,2026-08-07 15:00:00,3,analysis,replay,752.05,628.68,820.36,889.0,-136.95,136.95,0
2026-08-07 12:00:00,2026-08-07 15:00:00,3,era5,replay,752.05,628.68,820.36,842.0,-89.95,89.95,0
2026-08-07 13:00:00,2026-08-07 14:00:00,1,analysis,replay,861.77,828.03,894.09,950.0,-88.23,88.23,0
2026-08-07 13:00:00,2026-08-07 14:00:00,1,era5,replay,861.77,828.03,894.09,907.0,-45.23,45.23,0
2026-08-07 13:00:00,2026-08-07 15:00:00,2,analysis,replay,802.14,738.95,847.63,889.0,-86.86,86.86,0
2026-08-07 13:00:00,2026-08-07 15:00:00,2,era5,replay,802.14,738.95,847.63,842.0,-39.86,39.86,1
2026-08-07 13:00:00,2026-08-07 16:00:00,3,analysis,replay,681.27,601.22,723.21,737.0,-55.73,55.73,0
2026-08-07 13:00:00,2026-08-07 16:00:00,3,era5,replay,681.27,601.22,723.21,713.0,-31.73,31.73,1
2026-08-07 14:00:00,2026-08-07 15:00:00,1,analysis,replay,821.32,777.06,852.32,889.0,-67.68,67.68,0
2026-08-07 14:00:00,2026-08-07 15:00:00,1,era5,replay,821.32,777.06,852.32,842.0,-20.68,20.68,1
2026-08-07 14:00:00,2026-08-07 16:00:00,2,analysis,replay,691.27,630.85,724.76,737.0,-45.73,45.73,0
2026-08-07 14:00:00,2026-08-07 16:00:00,2,era5,replay,691.27,630.85,724.76,713.0,-21.73,21.73,1
2026-08-07 14:00:00,2026-08-07 17:00:00,3,analysis,replay,518.72,470.08,541.92,549.0,-30.28,30.28,0
2026-08-07 14:00:00,2026-08-07 17:00:00,3,era5,replay,518.72,470.08,541.92,529.0,-10.28,10.28,1
2026-08-08 08:00:00,2026-08-08 09:00:00,1,analysis,replay,198.45,146.88,228.11,193.0,5.45,5.45,1
2026-08-08 08:00:00,2026-08-08 09:00:00,1,era5,replay,198.45,146.88,228.11,185.0,13.45,13.45,1
2026-08-08 08:00:00,2026-08-08 10:00:00,2,analysis,replay,386.96,260.65,449.01,286.0,100.96,100.96,1
2026-08-08 08:00:00,2026-08-08 10:00:00,2,era5,replay,386.96,260.65,449.01,400.0,-13.04,13.04,1
2026-08-08 08:00:00,2026-08-08 11:00:00,3,analysis,replay,561.09,419.66,636.06,374.0,187.09,187.09,0
2026-08-08 08:00:00,2026-08-08 11:00:00,3,era5,replay,561.09,419.66,636.06,611.0,-49.91,49.91,1
2026-08-08 09:00:00,2026-08-08 10:00:00,1,analysis,replay,391.79,334.91,427.5,286.0,105.79,105.79,0
2026-08-08 09:00:00,2026-08-08 10:00:00,1,era5,replay,391.79,334.91,427.5,400.0,-8.21,8.21,1
2026-08-08 09:00:00,2026-08-08 11:00:00,2,analysis,replay,558.64,414.46,630.19,374.0,184.64,184.64,0
2026-08-08 09:00:00,2026-08-08 11:00:00,2,era5,replay,558.64,414.46,630.19,611.0,-52.36,52.36,1
2026-08-08 09:00:00,2026-08-08 12:00:00,3,analysis,replay,687.79,510.11,773.92,811.0,-123.21,123.21,0
2026-08-08 09:00:00,2026-08-08 12:00:00,3,era5,replay,687.79,510.11,773.92,794.0,-106.21,106.21,0
2026-08-08 10:00:00,2026-08-08 11:00:00,1,analysis,replay,593.89,516.42,630.59,374.0,219.89,219.89,0
2026-08-08 10:00:00,2026-08-08 11:00:00,1,era5,replay,593.89,516.42,630.59,611.0,-17.11,17.11,1
2026-08-08 10:00:00,2026-08-08 12:00:00,2,analysis,replay,738.93,616.41,788.02,811.0,-72.07,72.07,0
2026-08-08 10:00:00,2026-08-08 12:00:00,2,era5,replay,738.93,616.41,788.02,794.0,-55.07,55.07,0
2026-08-08 10:00:00,2026-08-08 13:00:00,3,analysis,replay,819.06,647.75,879.26,938.0,-118.94,118.94,0
2026-08-08 10:00:00,2026-08-08 13:00:00,3,era5,replay,819.06,647.75,879.26,873.0,-53.94,53.94,1
2026-08-08 11:00:00,2026-08-08 12:00:00,1,analysis,replay,759.41,719.31,795.95,811.0,-51.59,51.59,0
2026-08-08 11:00:00,2026-08-08 12:00:00,1,era5,replay,759.41,719.31,795.95,794.0,-34.59,34.59,1
2026-08-08 11:00:00,2026-08-08 13:00:00,2,analysis,replay,846.92,763.54,886.98,938.0,-91.08,91.08,0
2026-08-08 11:00:00,2026-08-08 13:00:00,2,era5,replay,846.92,763.54,886.98,873.0,-26.08,26.08,1
2026-08-08 11:00:00,2026-08-08 14:00:00,3,analysis,replay,851.14,727.68,900.11,950.0,-98.86,98.86,0
2026-08-08 11:00:00,2026-08-08 14:00:00,3,era5,replay,851.14,727.68,900.11,857.0,-5.86,5.86,1
2026-08-08 12:00:00,2026-08-08 13:00:00,1,analysis,replay,867.49,842.58,891.79,938.0,-70.51,70.51,0
2026-08-08 12:00:00,2026-08-08 13:00:00,1,era5,replay,867.49,842.58,891.79,873.0,-5.51,5.51,1
2026-08-08 12:00:00,2026-08-08 14:00:00,2,analysis,replay,878.38,807.55,911.63,950.0,-71.62,71.62,0
2026-08-08 12:00:00,2026-08-08 14:00:00,2,era5,replay,878.38,807.55,911.63,857.0,21.38,21.38,1
2026-08-08 12:00:00,2026-08-08 15:00:00,3,analysis,replay,808.94,715.91,849.6,832.0,-23.06,23.06,1
2026-08-08 12:00:00,2026-08-08 15:00:00,3,era5,replay,808.94,715.91,849.6,777.0,31.94,31.94,1
2026-08-08 13:00:00,2026-08-08 14:00:00,1,analysis,replay,884.67,835.71,913.53,950.0,-65.33,65.33,0
2026-08-08 13:00:00,2026-08-08 14:00:00,1,era5,replay,884.67,835.71,913.53,857.0,27.67,27.67,1
2026-08-08 13:00:00,2026-08-08 15:00:00,2,analysis,replay,810.32,730.76,852.15,832.0,-21.68,21.68,1
2026-08-08 13:00:00,2026-08-08 15:00:00,2,era5,replay,810.32,730.76,852.15,777.0,33.32,33.32,1
2026-08-08 13:00:00,2026-08-08 16:00:00,3,analysis,replay,686.76,590.26,723.39,724.0,-37.24,37.24,0
2026-08-08 13:00:00,2026-08-08 16:00:00,3,era5,replay,686.76,590.26,723.39,669.0,17.76,17.76,1
2026-08-08 14:00:00,2026-08-08 15:00:00,1,analysis,replay,775.47,700.16,823.39,832.0,-56.53,56.53,0
2026-08-08 14:00:00,2026-08-08 15:00:00,1,era5,replay,775.47,700.16,823.39,777.0,-1.53,1.53,1
2026-08-08 14:00:00,2026-08-08 16:00:00,2,analysis,replay,647.37,550.24,700.33,724.0,-76.63,76.63,0
2026-08-08 14:00:00,2026-08-08 16:00:00,2,era5,replay,647.37,550.24,700.33,669.0,-21.63,21.63,1
2026-08-08 14:00:00,2026-08-08 17:00:00,3,analysis,replay,474.61,387.63,517.83,497.0,-22.39,22.39,1
2026-08-08 14:00:00,2026-08-08 17:00:00,3,era5,replay,474.61,387.63,517.83,506.0,-31.39,31.39,1
2026-08-09 08:00:00,2026-08-09 09:00:00,1,analysis,replay,212.76,174.55,235.19,205.0,7.76,7.76,1
2026-08-09 08:00:00,2026-08-09 09:00:00,1,era5,replay,212.76,174.55,235.19,200.0,12.76,12.76,1
2026-08-09 08:00:00,2026-08-09 10:00:00,2,analysis,replay,417.3,324.09,460.3,425.0,-7.7,7.7,1
2026-08-09 08:00:00,2026-08-09 10:00:00,2,era5,replay,417.3,324.09,460.3,436.0,-18.7,18.7,1
2026-08-09 08:00:00,2026-08-09 11:00:00,3,analysis,replay,598.7,490.48,649.45,698.0,-99.3,99.3,0
2026-08-09 08:00:00,2026-08-09 11:00:00,3,era5,replay,598.7,490.48,649.45,654.0,-55.3,55.3,0
2026-08-09 09:00:00,2026-08-09 10:00:00,1,analysis,replay,417.39,384.18,445.84,425.0,-7.61,7.61,1
2026-08-09 09:00:00,2026-08-09 10:00:00,1,era5,replay,417.39,384.18,445.84,436.0,-18.61,18.61,1
2026-08-09 09:00:00,2026-08-09 11:00:00,2,analysis,replay,610.81,535.5,651.5,698.0,-87.19,87.19,0
2026-08-09 09:00:00,2026-08-09 11:00:00,2,era5,replay,610.81,535.5,651.5,654.0,-43.19,43.19,0
2026-08-09 09:00:00,2026-08-09 12:00:00,3,analysis,replay,745.56,625.27,798.54,829.0,-83.44,83.44,0
2026-08-09 09:00:00,2026-08-09 12:00:00,3,era5,replay,745.56,625.27,798.54,768.0,-22.44,22.44,1
2026-08-09 10:00:00,2026-08-09 11:00:00,1,analysis,replay,624.94,590.34,646.83,698.0,-73.06,73.06,0
2026-08-09 10:00:00,2026-08-09 11:00:00,1,era5,replay,624.94,590.34,646.83,654.0,-29.06,29.06,0
2026-08-09 10:00:00,2026-08-09 12:00:00,2,analysis,replay,772.14,708.45,805.76,829.0,-56.86,56.86,0
2026-08-09 10:00:00,2026-08-09 12:00:00,2,era5,replay,772.14,708.45,805.76,768.0,4.14,4.14,1
2026-08-09 10:00:00,2026-08-09 13:00:00,3,analysis,replay,845.76,715.51,890.29,943.0,-97.24,97.24,0
2026-08-09 10:00:00,2026-08-09 13:00:00,3,era5,replay,845.76,715.51,890.29,798.0,47.76,47.76,1
2026-08-09 11:00:00,2026-08-09 12:00:00,1,analysis,replay,785.41,763.83,816.6,829.0,-43.59,43.59,0
2026-08-09 11:00:00,2026-08-09 12:00:00,1,era5,replay,785.41,763.83,816.6,768.0,17.41,17.41,1
2026-08-09 11:00:00,2026-08-09 13:00:00,2,analysis,replay,871.5,807.79,904.96,943.0,-71.5,71.5,0
2026-08-09 11:00:00,2026-08-09 13:00:00,2,era5,replay,871.5,807.79,904.96,798.0,73.5,73.5,0
2026-08-09 11:00:00,2026-08-09 14:00:00,3,analysis,replay,881.2,794.9,913.88,962.0,-80.8,80.8,0
2026-08-09 11:00:00,2026-08-09 14:00:00,3,era5,replay,881.2,794.9,913.88,829.0,52.2,52.2,1
2026-08-09 12:00:00,2026-08-09 13:00:00,1,analysis,replay,854.63,809.55,885.81,943.0,-88.37,88.37,0
2026-08-09 12:00:00,2026-08-09 13:00:00,1,era5,replay,854.63,809.55,885.81,798.0,56.63,56.63,0
2026-08-09 12:00:00,2026-08-09 14:00:00,2,analysis,replay,867.8,791.24,908.98,962.0,-94.2,94.2,0
2026-08-09 12:00:00,2026-08-09 14:00:00,2,era5,replay,867.8,791.24,908.98,829.0,38.8,38.8,1
2026-08-09 12:00:00,2026-08-09 15:00:00,3,analysis,replay,802.98,706.67,847.76,903.0,-100.02,100.02,0
2026-08-09 12:00:00,2026-08-09 15:00:00,3,era5,replay,802.98,706.67,847.76,804.0,-1.02,1.02,1
2026-08-09 13:00:00,2026-08-09 14:00:00,1,analysis,replay,831.24,713.6,883.35,962.0,-130.76,130.76,0
2026-08-09 13:00:00,2026-08-09 14:00:00,1,era5,replay,831.24,713.6,883.35,829.0,2.24,2.24,1
2026-08-09 13:00:00,2026-08-09 15:00:00,2,analysis,replay,758.08,632.88,827.96,903.0,-144.92,144.92,0
2026-08-09 13:00:00,2026-08-09 15:00:00,2,era5,replay,758.08,632.88,827.96,804.0,-45.92,45.92,1
2026-08-09 13:00:00,2026-08-09 16:00:00,3,analysis,replay,658.61,560.45,714.72,706.0,-47.39,47.39,1
2026-08-09 13:00:00,2026-08-09 16:00:00,3,era5,replay,658.61,560.45,714.72,696.0,-37.39,37.39,1
2026-08-09 14:00:00,2026-08-09 15:00:00,1,analysis,replay,777.43,684.48,826.78,903.0,-125.57,125.57,0
2026-08-09 14:00:00,2026-08-09 15:00:00,1,era5,replay,777.43,684.48,826.78,804.0,-26.57,26.57,1
2026-08-09 14:00:00,2026-08-09 16:00:00,2,analysis,replay,658.18,563.63,704.13,706.0,-47.82,47.82,0
2026-08-09 14:00:00,2026-08-09 16:00:00,2,era5,replay,658.18,563.63,704.13,696.0,-37.82,37.82,1
2026-08-09 14:00:00,2026-08-09 17:00:00,3,analysis,replay,495.78,414.31,531.77,526.0,-30.22,30.22,1
2026-08-09 14:00:00,2026-08-09 17:00:00,3,era5,replay,495.78,414.31,531.77,511.0,-15.22,15.22,1
2026-08-10 08:00:00,2026-08-10 09:00:00,1,analysis,replay,201.37,143.81,230.99,210.0,-8.63,8.63,1
2026-08-10 08:00:00,2026-08-10 09:00:00,1,era5,replay,201.37,143.81,230.99,171.0,30.37,30.37,1
2026-08-10 08:00:00,2026-08-10 10:00:00,2,analysis,replay,404.02,281.26,454.98,405.0,-0.98,0.98,1
2026-08-10 08:00:00,2026-08-10 10:00:00,2,era5,replay,404.02,281.26,454.98,336.0,68.02,68.02,1
2026-08-10 08:00:00,2026-08-10 11:00:00,3,analysis,replay,577.03,421.77,643.26,593.0,-15.97,15.97,1
2026-08-10 08:00:00,2026-08-10 11:00:00,3,era5,replay,577.03,421.77,643.26,578.0,-0.97,0.97,1
2026-08-10 09:00:00,2026-08-10 10:00:00,1,analysis,replay,386.67,304.62,431.02,405.0,-18.33,18.33,1
2026-08-10 09:00:00,2026-08-10 10:00:00,1,era5,replay,386.67,304.62,431.02,336.0,50.67,50.67,1
2026-08-10 09:00:00,2026-08-10 11:00:00,2,analysis,replay,573.4,444.18,638.34,593.0,-19.6,19.6,1
2026-08-10 09:00:00,2026-08-10 11:00:00,2,era5,replay,573.4,444.18,638.34,578.0,-4.6,4.6,1
2026-08-10 09:00:00,2026-08-10 12:00:00,3,analysis,replay,708.51,523.45,781.14,759.0,-50.49,50.49,1
2026-08-10 09:00:00,2026-08-10 12:00:00,3,era5,replay,708.51,523.45,781.14,755.0,-46.49,46.49,1
2026-08-10 10:00:00,2026-08-10 11:00:00,1,analysis,replay,544.75,440.9,610.34,593.0,-48.25,48.25,1
2026-08-10 10:00:00,2026-08-10 11:00:00,1,era5,replay,544.75,440.9,610.34,578.0,-33.25,33.25,1
2026-08-10 10:00:00,2026-08-10 12:00:00,2,analysis,replay,696.95,526.82,767.53,759.0,-62.05,62.05,1
2026-08-10 10:00:00,2026-08-10 12:00:00,2,era5,replay,696.95,526.82,767.53,755.0,-58.05,58.05,1
2026-08-10 10:00:00,2026-08-10 13:00:00,3,analysis,replay,770.71,573.65,851.51,812.0,-41.29,41.29,1
2026-08-10 10:00:00,2026-08-10 13:00:00,3,era5,replay,770.71,573.65,851.51,753.0,17.71,17.71,1
2026-08-10 11:00:00,2026-08-10 12:00:00,1,analysis,replay,731.95,656.1,787.74,759.0,-27.05,27.05,1
2026-08-10 11:00:00,2026-08-10 12:00:00,1,era5,replay,731.95,656.1,787.74,755.0,-23.05,23.05,1
2026-08-10 11:00:00,2026-08-10 13:00:00,2,analysis,replay,810.93,671.42,871.76,812.0,-1.07,1.07,1
2026-08-10 11:00:00,2026-08-10 13:00:00,2,era5,replay,810.93,671.42,871.76,753.0,57.93,57.93,1
2026-08-10 11:00:00,2026-08-10 14:00:00,3,analysis,replay,813.61,629.8,886.62,841.0,-27.39,27.39,1
2026-08-10 11:00:00,2026-08-10 14:00:00,3,era5,replay,813.61,629.8,886.62,736.0,77.61,77.61,1
2026-08-10 12:00:00,2026-08-10 13:00:00,1,analysis,replay,817.4,713.24,871.21,812.0,5.4,5.4,1
2026-08-10 12:00:00,2026-08-10 13:00:00,1,era5,replay,817.4,713.24,871.21,753.0,64.4,64.4,1
2026-08-10 12:00:00,2026-08-10 14:00:00,2,analysis,replay,821.18,675.16,885.58,841.0,-19.82,19.82,1
2026-08-10 12:00:00,2026-08-10 14:00:00,2,era5,replay,821.18,675.16,885.58,736.0,85.18,85.18,1
2026-08-10 12:00:00,2026-08-10 15:00:00,3,analysis,replay,762.09,601.22,827.87,747.0,15.09,15.09,1
2026-08-10 12:00:00,2026-08-10 15:00:00,3,era5,replay,762.09,601.22,827.87,766.0,-3.91,3.91,1
2026-08-10 13:00:00,2026-08-10 14:00:00,1,analysis,replay,800.81,662.68,868.91,841.0,-40.19,40.19,1
2026-08-10 13:00:00,2026-08-10 14:00:00,1,era5,replay,800.81,662.68,868.91,736.0,64.81,64.81,1
2026-08-10 13:00:00,2026-08-10 15:00:00,2,analysis,replay,730.29,572.74,812.24,747.0,-16.71,16.71,1
2026-08-10 13:00:00,2026-08-10 15:00:00,2,era5,replay,730.29,572.74,812.24,766.0,-35.71,35.71,1
2026-08-10 13:00:00,2026-08-10 16:00:00,3,analysis,replay,635.07,492.2,702.97,659.0,-23.93,23.93,1
2026-08-10 13:00:00,2026-08-10 16:00:00,3,era5,replay,635.07,492.2,702.97,573.0,62.07,62.07,1
2026-08-10 14:00:00,2026-08-10 15:00:00,1,analysis,replay,725.74,598.62,794.13,747.0,-21.26,21.26,1
2026-08-10 14:00:00,2026-08-10 15:00:00,1,era5,replay,725.74,598.62,794.13,766.0,-40.26,40.26,1
2026-08-10 14:00:00,2026-08-10 16:00:00,2,analysis,replay,621.98,495.39,686.37,659.0,-37.02,37.02,1
2026-08-10 14:00:00,2026-08-10 16:00:00,2,era5,replay,621.98,495.39,686.37,573.0,48.98,48.98,1
2026-08-10 14:00:00,2026-08-10 17:00:00,3,analysis,replay,474.85,364.02,524.46,466.0,8.85,8.85,1
2026-08-10 14:00:00,2026-08-10 17:00:00,3,era5,replay,474.85,364.02,524.46,391.0,83.85,83.85,1
2026-08-11 08:00:00,2026-08-11 09:00:00,1,analysis,replay,203.58,145.26,232.69,148.0,55.58,55.58,1
2026-08-11 08:00:00,2026-08-11 09:00:00,1,era5,replay,203.58,145.26,232.69,184.0,19.58,19.58,1
2026-08-11 08:00:00,2026-08-11 10:00:00,2,analysis,replay,403.12,277.39,456.76,384.0,19.12,19.12,1
2026-08-11 08:00:00,2026-08-11 10:00:00,2,era5,replay,403.12,277.39,456.76,347.0,56.12,56.12,1
2026-08-11 08:00:00,2026-08-11 11:00:00,3,analysis,replay,580.86,430.62,646.14,601.0,-20.14,20.14,1
2026-08-11 08:00:00,2026-08-11 11:00:00,3,era5,replay,580.86,430.62,646.14,581.0,-0.14,0.14,1
2026-08-11 09:00:00,2026-08-11 10:00:00,1,analysis,replay,393.64,305.42,440.65,384.0,9.64,9.64,1
2026-08-11 09:00:00,2026-08-11 10:00:00,1,era5,replay,393.64,305.42,440.65,347.0,46.64,46.64,1
2026-08-11 09:00:00,2026-08-11 11:00:00,2,analysis,replay,566.66,414.07,637.16,601.0,-34.34,34.34,1
2026-08-11 09:00:00,2026-08-11 11:00:00,2,era5,replay,566.66,414.07,637.16,581.0,-14.34,14.34,1
2026-08-11 09:00:00,2026-08-11 12:00:00,3,analysis,replay,705.29,514.09,786.87,615.0,90.29,90.29,1
2026-08-11 09:00:00,2026-08-11 12:00:00,3,era5,replay,705.29,514.09,786.87,728.0,-22.71,22.71,1
2026-08-11 10:00:00,2026-08-11 11:00:00,1,analysis,replay,531.15,406.8,611.24,601.0,-69.85,69.85,1
2026-08-11 10:00:00,2026-08-11 11:00:00,1,era5,replay,531.15,406.8,611.24,581.0,-49.85,49.85,1
2026-08-11 10:00:00,2026-08-11 12:00:00,2,analysis,replay,696.23,512.3,774.82,615.0,81.23,81.23,1
2026-08-11 10:00:00,2026-08-11 12:00:00,2,era5,replay,696.23,512.3,774.82,728.0,-31.77,31.77,1
2026-08-11 10:00:00,2026-08-11 13:00:00,3,analysis,replay,783.31,556.61,868.83,822.0,-38.69,38.69,1
2026-08-11 10:00:00,2026-08-11 13:00:00,3,era5,replay,783.31,556.61,868.83,848.0,-64.69,64.69,1
2026-08-11 11:00:00,2026-08-11 12:00:00,1,analysis,replay,728.11,645.75,777.01,615.0,113.11,113.11,0
2026-08-11 11:00:00,2026-08-11 12:00:00,1,era5,replay,728.11,645.75,777.01,728.0,0.11,0.11,1
2026-08-11 11:00:00,2026-08-11 13:00:00,2,analysis,replay,796.88,650.78,863.65,822.0,-25.12,25.12,1
2026-08-11 11:00:00,2026-08-11 13:00:00,2,era5,replay,796.88,650.78,863.65,848.0,-51.12,51.12,1
2026-08-11 11:00:00,2026-08-11 14:00:00,3,analysis,replay,795.36,597.09,875.07,888.0,-92.64,92.64,0
2026-08-11 11:00:00,2026-08-11 14:00:00,3,era5,replay,795.36,597.09,875.07,818.0,-22.64,22.64,1
2026-08-11 12:00:00,2026-08-11 13:00:00,1,analysis,replay,821.05,748.06,867.49,822.0,-0.95,0.95,1
2026-08-11 12:00:00,2026-08-11 13:00:00,1,era5,replay,821.05,748.06,867.49,848.0,-26.95,26.95,1
2026-08-11 12:00:00,2026-08-11 14:00:00,2,analysis,replay,826.3,697.13,884.09,888.0,-61.7,61.7,0
2026-08-11 12:00:00,2026-08-11 14:00:00,2,era5,replay,826.3,697.13,884.09,818.0,8.3,8.3,1
2026-08-11 12:00:00,2026-08-11 15:00:00,3,analysis,replay,750.93,591.53,820.21,862.0,-111.07,111.07,0
2026-08-11 12:00:00,2026-08-11 15:00:00,3,era5,replay,750.93,591.53,820.21,775.0,-24.07,24.07,1
2026-08-11 13:00:00,2026-08-11 14:00:00,1,analysis,replay,840.91,765.76,890.54,888.0,-47.09,47.09,1
2026-08-11 13:00:00,2026-08-11 14:00:00,1,era5,replay,840.91,765.76,890.54,818.0,22.91,22.91,1
2026-08-11 13:00:00,2026-08-11 15:00:00,2,analysis,replay,777.25,662.84,830.16,862.0,-84.75,84.75,0
2026-08-11 13:00:00,2026-08-11 15:00:00,2,era5,replay,777.25,662.84,830.16,775.0,2.25,2.25,1
2026-08-11 13:00:00,2026-08-11 16:00:00,3,analysis,replay,644.8,513.14,703.15,743.0,-98.2,98.2,0
2026-08-11 13:00:00,2026-08-11 16:00:00,3,era5,replay,644.8,513.14,703.15,691.0,-46.2,46.2,1
2026-08-11 14:00:00,2026-08-11 15:00:00,1,analysis,replay,796.67,713.83,837.38,862.0,-65.33,65.33,0
2026-08-11 14:00:00,2026-08-11 15:00:00,1,era5,replay,796.67,713.83,837.38,775.0,21.67,21.67,1
2026-08-11 14:00:00,2026-08-11 16:00:00,2,analysis,replay,660.62,561.01,707.52,743.0,-82.38,82.38,0
2026-08-11 14:00:00,2026-08-11 16:00:00,2,era5,replay,660.62,561.01,707.52,691.0,-30.38,30.38,1
2026-08-11 14:00:00,2026-08-11 17:00:00,3,analysis,replay,489.85,404.13,530.32,476.0,13.85,13.85,1
2026-08-11 14:00:00,2026-08-11 17:00:00,3,era5,replay,489.85,404.13,530.32,469.0,20.85,20.85,1
2026-08-12 08:00:00,2026-08-12 09:00:00,1,analysis,replay,215.4,175.51,237.47,214.0,1.4,1.4,1
2026-08-12 08:00:00,2026-08-12 09:00:00,1,era5,replay,215.4,175.51,237.47,239.0,-23.6,23.6,0
2026-08-12 08:00:00,2026-08-12 10:00:00,2,analysis,replay,416.03,313.35,461.95,419.0,-2.97,2.97,1
2026-08-12 08:00:00,2026-08-12 10:00:00,2,era5,replay,416.03,313.35,461.95,467.0,-50.97,50.97,0
2026-08-12 08:00:00,2026-08-12 11:00:00,3,analysis,replay,596.47,477.02,649.14,627.0,-30.53,30.53,1
2026-08-12 08:00:00,2026-08-12 11:00:00,3,era5,replay,596.47,477.02,649.14,649.0,-52.53,52.53,1
2026-08-12 09:00:00,2026-08-12 10:00:00,1,analysis,replay,449.3,418.82,468.19,419.0,30.3,30.3,1
2026-08-12 09:00:00,2026-08-12 10:00:00,1,era5,replay,449.3,418.82,468.19,467.0,-17.7,17.7,1
2026-08-12 09:00:00,2026-08-12 11:00:00,2,analysis,replay,628.4,577.47,667.3,627.0,1.4,1.4,1
2026-08-12 09:00:00,2026-08-12 11:00:00,2,era5,replay,628.4,577.47,667.3,649.0,-20.6,20.6,1
2026-08-12 09:00:00,2026-08-12 12:00:00,3,analysis,replay,771.25,672.63,817.54,827.0,-55.75,55.75,0
2026-08-12 09:00:00,2026-08-12 12:00:00,3,era5,replay,771.25,672.63,817.54,792.0,-20.75,20.75,1
2026-08-12 10:00:00,2026-08-12 11:00:00,1,analysis,replay,651.59,617.45,675.05,627.0,24.59,24.59,1
2026-08-12 10:00:00,2026-08-12 11:00:00,1,era5,replay,651.59,617.45,675.05,649.0,2.59,2.59,1
2026-08-12 10:00:00,2026-08-12 12:00:00,2,analysis,replay,785.26,714.18,818.66,827.0,-41.74,41.74,0
2026-08-12 10:00:00,2026-08-12 12:00:00,2,era5,replay,785.26,714.18,818.66,792.0,-6.74,6.74,1
2026-08-12 10:00:00,2026-08-12 13:00:00,3,analysis,replay,854.15,720.45,904.85,841.0,13.15,13.15,1
2026-08-12 10:00:00,2026-08-12 13:00:00,3,era5,replay,854.15,720.45,904.85,863.0,-8.85,8.85,1
2026-08-12 11:00:00,2026-08-12 12:00:00,1,analysis,replay,791.77,748.53,820.25,827.0,-35.23,35.23,0
2026-08-12 11:00:00,2026-08-12 12:00:00,1,era5,replay,791.77,748.53,820.25,792.0,-0.23,0.23,1
2026-08-12 11:00:00,2026-08-12 13:00:00,2,analysis,replay,865.02,769.78,906.17,841.0,24.02,24.02,1
2026-08-12 11:00:00,2026-08-12 13:00:00,2,era5,replay,865.02,769.78,906.17,863.0,2.02,2.02,1
2026-08-12 11:00:00,2026-08-12 14:00:00,3,analysis,replay,867.56,731.37,913.05,867.0,0.56,0.56,1
2026-08-12 11:00:00,2026-08-12 14:00:00,3,era5,replay,867.56,731.37,913.05,828.0,39.56,39.56,1
2026-08-12 12:00:00,2026-08-12 13:00:00,1,analysis,replay,866.15,797.97,902.89,841.0,25.15,25.15,1
2026-08-12 12:00:00,2026-08-12 13:00:00,1,era5,replay,866.15,797.97,902.89,863.0,3.15,3.15,1
2026-08-12 12:00:00,2026-08-12 14:00:00,2,analysis,replay,861.75,743.69,913.39,867.0,-5.25,5.25,1
2026-08-12 12:00:00,2026-08-12 14:00:00,2,era5,replay,861.75,743.69,913.39,828.0,33.75,33.75,1
2026-08-12 12:00:00,2026-08-12 15:00:00,3,analysis,replay,793.81,654.56,848.69,769.0,24.81,24.81,1
2026-08-12 12:00:00,2026-08-12 15:00:00,3,era5,replay,793.81,654.56,848.69,768.0,25.81,25.81,1
2026-08-12 13:00:00,2026-08-12 14:00:00,1,analysis,replay,859.47,770.23,903.57,867.0,-7.53,7.53,1
2026-08-12 13:00:00,2026-08-12 14:00:00,1,era5,replay,859.47,770.23,903.57,828.0,31.47,31.47,1
2026-08-12 13:00:00,2026-08-12 15:00:00,2,analysis,replay,772.47,641.99,840.94,769.0,3.47,3.47,1
2026-08-12 13:00:00,2026-08-12 15:00:00,2,era5,replay,772.47,641.99,840.94,768.0,4.47,4.47,1
2026-08-12 13:00:00,2026-08-12 16:00:00,3,analysis,replay,666.53,549.18,719.65,571.0,95.53,95.53,1
2026-08-12 13:00:00,2026-08-12 16:00:00,3,era5,replay,666.53,549.18,719.65,638.0,28.53,28.53,1
2026-08-12 14:00:00,2026-08-12 15:00:00,1,analysis,replay,783.54,684.24,833.24,769.0,14.54,14.54,1
2026-08-12 14:00:00,2026-08-12 15:00:00,1,era5,replay,783.54,684.24,833.24,768.0,15.54,15.54,1
2026-08-12 14:00:00,2026-08-12 16:00:00,2,analysis,replay,628.31,503.65,699.51,571.0,57.31,57.31,1
2026-08-12 14:00:00,2026-08-12 16:00:00,2,era5,replay,628.31,503.65,699.51,638.0,-9.69,9.69,1
2026-08-12 14:00:00,2026-08-12 17:00:00,3,analysis,replay,482.56,389.51,528.37,372.0,110.56,110.56,0
2026-08-12 14:00:00,2026-08-12 17:00:00,3,era5,replay,482.56,389.51,528.37,452.0,30.56,30.56,1
2026-08-13 08:00:00,2026-08-13 09:00:00,1,analysis,replay,194.01,134.39,229.08,146.0,48.01,48.01,1
2026-08-13 08:00:00,2026-08-13 09:00:00,1,era5,replay,194.01,134.39,229.08,158.0,36.01,36.01,1
2026-08-13 08:00:00,2026-08-13 10:00:00,2,analysis,replay,391.7,256.38,454.58,286.0,105.7,105.7,1
2026-08-13 08:00:00,2026-08-13 10:00:00,2,era5,replay,391.7,256.38,454.58,362.0,29.7,29.7,1
2026-08-13 08:00:00,2026-08-13 11:00:00,3,analysis,replay,558.2,388.26,642.33,415.0,143.2,143.2,1
2026-08-13 08:00:00,2026-08-13 11:00:00,3,era5,replay,558.2,388.26,642.33,580.0,-21.8,21.8,1
2026-08-13 09:00:00,2026-08-13 10:00:00,1,analysis,replay,364.78,267.78,421.92,286.0,78.78,78.78,1
2026-08-13 09:00:00,2026-08-13 10:00:00,1,era5,replay,364.78,267.78,421.92,362.0,2.78,2.78,1
2026-08-13 09:00:00,2026-08-13 11:00:00,2,analysis,replay,525.07,347.32,623.34,415.0,110.07,110.07,1
2026-08-13 09:00:00,2026-08-13 11:00:00,2,era5,replay,525.07,347.32,623.34,580.0,-54.93,54.93,1
2026-08-13 09:00:00,2026-08-13 12:00:00,3,analysis,replay,650.59,421.01,771.06,558.0,92.59,92.59,1
2026-08-13 09:00:00,2026-08-13 12:00:00,3,era5,replay,650.59,421.01,771.06,680.0,-29.41,29.41,1
2026-08-13 10:00:00,2026-08-13 11:00:00,1,analysis,replay,555.64,437.1,622.35,415.0,140.64,140.64,0
2026-08-13 10:00:00,2026-08-13 11:00:00,1,era5,replay,555.64,437.1,622.35,580.0,-24.36,24.36,1
2026-08-13 10:00:00,2026-08-13 12:00:00,2,analysis,replay,689.04,493.66,774.08,558.0,131.04,131.04,1
2026-08-13 10:00:00,2026-08-13 12:00:00,2,era5,replay,689.04,493.66,774.08,680.0,9.04,9.04,1
2026-08-13 10:00:00,2026-08-13 13:00:00,3,analysis,replay,773.28,543.19,866.55,696.0,77.28,77.28,1
2026-08-13 10:00:00,2026-08-13 13:00:00,3,era5,replay,773.28,543.19,866.55,739.0,34.28,34.28,1
2026-08-13 11:00:00,2026-08-13 12:00:00,1,analysis,replay,718.0,599.73,777.96,558.0,160.0,160.0,0
2026-08-13 11:00:00,2026-08-13 12:00:00,1,era5,replay,718.0,599.73,777.96,680.0,38.0,38.0,1
2026-08-13 11:00:00,2026-08-13 13:00:00,2,analysis,replay,778.81,592.92,859.5,696.0,82.81,82.81,1
2026-08-13 11:00:00,2026-08-13 13:00:00,2,era5,replay,778.81,592.92,859.5,739.0,39.81,39.81,1
2026-08-13 11:00:00,2026-08-13 14:00:00,3,analysis,replay,782.18,571.81,878.23,657.0,125.18,125.18,1
2026-08-13 11:00:00,2026-08-13 14:00:00,3,era5,replay,782.18,571.81,878.23,693.0,89.18,89.18,1
2026-08-13 12:00:00,2026-08-13 13:00:00,1,analysis,replay,786.85,655.66,858.63,696.0,90.85,90.85,1
2026-08-13 12:00:00,2026-08-13 13:00:00,1,era5,replay,786.85,655.66,858.63,739.0,47.85,47.85,1
2026-08-13 12:00:00,2026-08-13 14:00:00,2,analysis,replay,784.99,607.83,869.07,657.0,127.99,127.99,1
2026-08-13 12:00:00,2026-08-13 14:00:00,2,era5,replay,784.99,607.83,869.07,693.0,91.99,91.99,1
2026-08-13 12:00:00,2026-08-13 15:00:00,3,analysis,replay,727.99,530.29,821.07,499.0,228.99,228.99,0
2026-08-13 12:00:00,2026-08-13 15:00:00,3,era5,replay,727.99,530.29,821.07,695.0,32.99,32.99,1
2026-08-13 13:00:00,2026-08-13 14:00:00,1,analysis,replay,781.64,637.66,861.98,657.0,124.64,124.64,1
2026-08-13 13:00:00,2026-08-13 14:00:00,1,era5,replay,781.64,637.66,861.98,693.0,88.64,88.64,1
2026-08-13 13:00:00,2026-08-13 15:00:00,2,analysis,replay,715.87,537.99,801.73,499.0,216.87,216.87,0
2026-08-13 13:00:00,2026-08-13 15:00:00,2,era5,replay,715.87,537.99,801.73,695.0,20.87,20.87,1
2026-08-13 13:00:00,2026-08-13 16:00:00,3,analysis,replay,615.21,444.13,696.59,458.0,157.21,157.21,1
2026-08-13 13:00:00,2026-08-13 16:00:00,3,era5,replay,615.21,444.13,696.59,567.0,48.21,48.21,1
2026-08-13 14:00:00,2026-08-13 15:00:00,1,analysis,replay,694.28,514.58,789.43,499.0,195.28,195.28,0
2026-08-13 14:00:00,2026-08-13 15:00:00,1,era5,replay,694.28,514.58,789.43,695.0,-0.72,0.72,1
2026-08-13 14:00:00,2026-08-13 16:00:00,2,analysis,replay,576.28,402.51,677.66,458.0,118.28,118.28,1
2026-08-13 14:00:00,2026-08-13 16:00:00,2,era5,replay,576.28,402.51,677.66,567.0,9.28,9.28,1
2026-08-13 14:00:00,2026-08-13 17:00:00,3,analysis,replay,437.27,316.2,510.38,352.0,85.27,85.27,1
2026-08-13 14:00:00,2026-08-13 17:00:00,3,era5,replay,437.27,316.2,510.38,410.0,27.27,27.27,1
2026-08-14 08:00:00,2026-08-14 09:00:00,1,analysis,replay,217.14,152.07,242.9,240.0,-22.86,22.86,1
2026-08-14 08:00:00,2026-08-14 09:00:00,1,era5,replay,217.14,152.07,242.9,191.0,26.14,26.14,1
2026-08-14 08:00:00,2026-08-14 10:00:00,2,analysis,replay,422.07,305.0,471.92,491.0,-68.93,68.93,0
2026-08-14 08:00:00,2026-08-14 10:00:00,2,era5,replay,422.07,305.0,471.92,383.0,39.07,39.07,1
2026-08-14 08:00:00,2026-08-14 11:00:00,3,analysis,replay,605.23,461.29,659.08,675.0,-69.77,69.77,0
2026-08-14 08:00:00,2026-08-14 11:00:00,3,era5,replay,605.23,461.29,659.08,612.0,-6.77,6.77,1
2026-08-14 09:00:00,2026-08-14 10:00:00,1,analysis,replay,411.87,344.66,449.3,491.0,-79.13,79.13,0
2026-08-14 09:00:00,2026-08-14 10:00:00,1,era5,replay,411.87,344.66,449.3,383.0,28.87,28.87,1
2026-08-14 09:00:00,2026-08-14 11:00:00,2,analysis,replay,576.32,445.74,642.05,675.0,-98.68,98.68,0
2026-08-14 09:00:00,2026-08-14 11:00:00,2,era5,replay,576.32,445.74,642.05,612.0,-35.68,35.68,1
2026-08-14 09:00:00,2026-08-14 12:00:00,3,analysis,replay,703.38,517.16,788.46,801.0,-97.62,97.62,0
2026-08-14 09:00:00,2026-08-14 12:00:00,3,era5,replay,703.38,517.16,788.46,740.0,-36.62,36.62,1
2026-08-14 10:00:00,2026-08-14 11:00:00,1,analysis,replay,602.22,522.47,646.02,675.0,-72.78,72.78,0
2026-08-14 10:00:00,2026-08-14 11:00:00,1,era5,replay,602.22,522.47,646.02,612.0,-9.78,9.78,1
2026-08-14 10:00:00,2026-08-14 12:00:00,2,analysis,replay,733.74,588.17,797.38,801.0,-67.26,67.26,0
2026-08-14 10:00:00,2026-08-14 12:00:00,2,era5,replay,733.74,588.17,797.38,740.0,-6.26,6.26,1
2026-08-14 10:00:00,2026-08-14 13:00:00,3,analysis,replay,799.41,603.92,879.98,793.0,6.41,6.41,1
2026-08-14 10:00:00,2026-08-14 13:00:00,3,era5,replay,799.41,603.92,879.98,866.0,-66.59,66.59,1
2026-08-14 11:00:00,2026-08-14 12:00:00,1,analysis,replay,745.84,672.57,785.96,801.0,-55.16,55.16,0
2026-08-14 11:00:00,2026-08-14 12:00:00,1,era5,replay,745.84,672.57,785.96,740.0,5.84,5.84,1
2026-08-14 11:00:00,2026-08-14 13:00:00,2,analysis,replay,805.64,658.35,868.59,793.0,12.64,12.64,1
2026-08-14 11:00:00,2026-08-14 13:00:00,2,era5,replay,805.64,658.35,868.59,866.0,-60.36,60.36,1
2026-08-14 11:00:00,2026-08-14 14:00:00,3,analysis,replay,788.14,599.75,874.54,465.0,323.14,323.14,0
2026-08-14 11:00:00,2026-08-14 14:00:00,3,era5,replay,788.14,599.75,874.54,894.0,-105.86,105.86,0
2026-08-14 12:00:00,2026-08-14 13:00:00,1,analysis,replay,843.81,780.72,869.82,793.0,50.81,50.81,1
2026-08-14 12:00:00,2026-08-14 13:00:00,1,era5,replay,843.81,780.72,869.82,866.0,-22.19,22.19,1
2026-08-14 12:00:00,2026-08-14 14:00:00,2,analysis,replay,826.87,699.36,889.58,465.0,361.87,361.87,0
2026-08-14 12:00:00,2026-08-14 14:00:00,2,era5,replay,826.87,699.36,889.58,894.0,-67.13,67.13,0
2026-08-14 12:00:00,2026-08-14 15:00:00,3,analysis,replay,757.22,622.0,823.97,893.0,-135.78,135.78,0
2026-08-14 12:00:00,2026-08-14 15:00:00,3,era5,replay,757.22,622.0,823.97,836.0,-78.78,78.78,0
2026-08-14 13:00:00,2026-08-14 14:00:00,1,analysis,replay,879.02,849.5,906.42,465.0,414.02,414.02,0
2026-08-14 13:00:00,2026-08-14 14:00:00,1,era5,replay,879.02,849.5,906.42,894.0,-14.98,14.98,1
2026-08-14 13:00:00,2026-08-14 15:00:00,2,analysis,replay,811.52,737.86,845.24,893.0,-81.48,81.48,0
2026-08-14 13:00:00,2026-08-14 15:00:00,2,era5,replay,811.52,737.86,845.24,836.0,-24.48,24.48,1
2026-08-14 13:00:00,2026-08-14 16:00:00,3,analysis,replay,671.04,584.01,710.44,761.0,-89.96,89.96,0
2026-08-14 13:00:00,2026-08-14 16:00:00,3,era5,replay,671.04,584.01,710.44,694.0,-22.96,22.96,1
2026-08-15 08:00:00,2026-08-15 09:00:00,1,analysis,replay,137.31,98.98,197.98,274.0,-136.69,136.69,0
2026-08-15 08:00:00,2026-08-15 09:00:00,1,era5,replay,137.31,98.98,197.98,226.0,-88.69,88.69,0
2026-08-15 08:00:00,2026-08-15 10:00:00,2,analysis,replay,286.14,215.81,376.52,508.0,-221.86,221.86,0
2026-08-15 08:00:00,2026-08-15 10:00:00,2,era5,replay,286.14,215.81,376.52,403.0,-116.86,116.86,0
2026-08-15 08:00:00,2026-08-15 11:00:00,3,analysis,replay,546.78,399.72,629.73,713.0,-166.22,166.22,0
2026-08-15 08:00:00,2026-08-15 11:00:00,3,era5,replay,546.78,399.72,629.73,594.0,-47.22,47.22,1
2026-08-15 09:00:00,2026-08-15 10:00:00,1,analysis,replay,420.08,373.36,449.6,508.0,-87.92,87.92,0
2026-08-15 09:00:00,2026-08-15 10:00:00,1,era5,replay,420.08,373.36,449.6,403.0,17.08,17.08,1
2026-08-15 09:00:00,2026-08-15 11:00:00,2,analysis,replay,610.34,481.47,650.31,713.0,-102.66,102.66,0
2026-08-15 09:00:00,2026-08-15 11:00:00,2,era5,replay,610.34,481.47,650.31,594.0,16.34,16.34,1
2026-08-15 09:00:00,2026-08-15 12:00:00,3,analysis,replay,795.04,636.47,803.11,864.0,-68.96,68.96,0
2026-08-15 09:00:00,2026-08-15 12:00:00,3,era5,replay,795.04,636.47,803.11,760.0,35.04,35.04,1
2026-08-15 10:00:00,2026-08-15 11:00:00,1,analysis,replay,618.25,568.93,649.83,713.0,-94.75,94.75,0
2026-08-15 10:00:00,2026-08-15 11:00:00,1,era5,replay,618.25,568.93,649.83,594.0,24.25,24.25,1
2026-08-15 10:00:00,2026-08-15 12:00:00,2,analysis,replay,749.71,655.79,792.9,864.0,-114.29,114.29,0
2026-08-15 10:00:00,2026-08-15 12:00:00,2,era5,replay,749.71,655.79,792.9,760.0,-10.29,10.29,1
2026-08-15 10:00:00,2026-08-15 13:00:00,3,analysis,replay,811.68,689.51,879.29,950.0,-138.32,138.32,0
2026-08-15 10:00:00,2026-08-15 13:00:00,3,era5,replay,811.68,689.51,879.29,835.0,-23.32,23.32,1
2026-08-15 11:00:00,2026-08-15 12:00:00,1,analysis,replay,754.98,717.09,787.64,864.0,-109.02,109.02,0
2026-08-15 11:00:00,2026-08-15 12:00:00,1,era5,replay,754.98,717.09,787.64,760.0,-5.02,5.02,1
2026-08-15 11:00:00,2026-08-15 13:00:00,2,analysis,replay,841.44,755.96,885.75,950.0,-108.56,108.56,0
2026-08-15 11:00:00,2026-08-15 13:00:00,2,era5,replay,841.44,755.96,885.75,835.0,6.44,6.44,1
2026-08-15 11:00:00,2026-08-15 14:00:00,3,analysis,replay,839.58,736.0,892.91,962.0,-122.42,122.42,0
2026-08-15 11:00:00,2026-08-15 14:00:00,3,era5,replay,839.58,736.0,892.91,887.0,-47.42,47.42,1
2026-08-15 12:00:00,2026-08-15 13:00:00,1,analysis,replay,827.34,787.56,877.3,950.0,-122.66,122.66,0
2026-08-15 12:00:00,2026-08-15 13:00:00,1,era5,replay,827.34,787.56,877.3,835.0,-7.66,7.66,1
2026-08-15 12:00:00,2026-08-15 14:00:00,2,analysis,replay,844.95,748.47,900.35,962.0,-117.05,117.05,0
2026-08-15 12:00:00,2026-08-15 14:00:00,2,era5,replay,844.95,748.47,900.35,887.0,-42.05,42.05,1
2026-08-15 12:00:00,2026-08-15 15:00:00,3,analysis,replay,759.33,639.73,830.87,899.0,-139.67,139.67,0
2026-08-15 12:00:00,2026-08-15 15:00:00,3,era5,replay,759.33,639.73,830.87,816.0,-56.67,56.67,1
2026-08-15 13:00:00,2026-08-15 14:00:00,1,analysis,replay,858.88,822.0,892.01,962.0,-103.12,103.12,0
2026-08-15 13:00:00,2026-08-15 14:00:00,1,era5,replay,858.88,822.0,892.01,887.0,-28.12,28.12,1
2026-08-15 13:00:00,2026-08-15 15:00:00,2,analysis,replay,791.16,703.01,843.06,899.0,-107.84,107.84,0
2026-08-15 13:00:00,2026-08-15 15:00:00,2,era5,replay,791.16,703.01,843.06,816.0,-24.84,24.84,1
2026-08-15 13:00:00,2026-08-15 16:00:00,3,analysis,replay,675.22,586.95,716.38,767.0,-91.78,91.78,0
2026-08-15 13:00:00,2026-08-15 16:00:00,3,era5,replay,675.22,586.95,716.38,705.0,-29.78,29.78,1
2026-08-15 14:00:00,2026-08-15 15:00:00,1,analysis,replay,789.91,753.2,828.86,899.0,-109.09,109.09,0
2026-08-15 14:00:00,2026-08-15 15:00:00,1,era5,replay,789.91,753.2,828.86,816.0,-26.09,26.09,1
2026-08-15 14:00:00,2026-08-15 16:00:00,2,analysis,replay,668.73,598.2,714.03,767.0,-98.27,98.27,0
2026-08-15 14:00:00,2026-08-15 16:00:00,2,era5,replay,668.73,598.2,714.03,705.0,-36.27,36.27,1
2026-08-15 14:00:00,2026-08-15 17:00:00,3,analysis,replay,498.64,446.86,532.24,578.0,-79.36,79.36,0
2026-08-15 14:00:00,2026-08-15 17:00:00,3,era5,replay,498.64,446.86,532.24,518.0,-19.36,19.36,1
2026-08-16 08:00:00,2026-08-16 09:00:00,1,analysis,replay,208.86,157.89,237.58,198.0,10.86,10.86,1
2026-08-16 08:00:00,2026-08-16 09:00:00,1,era5,replay,208.86,157.89,237.58,188.0,20.86,20.86,1
2026-08-16 08:00:00,2026-08-16 10:00:00,2,analysis,replay,396.26,273.2,460.07,454.0,-57.74,57.74,1
2026-08-16 08:00:00,2026-08-16 10:00:00,2,era5,replay,396.26,273.2,460.07,314.0,82.26,82.26,1
2026-08-16 08:00:00,2026-08-16 11:00:00,3,analysis,replay,560.89,370.17,642.41,592.0,-31.11,31.11,1
2026-08-16 08:00:00,2026-08-16 11:00:00,3,era5,replay,560.89,370.17,642.41,586.0,-25.11,25.11,1
2026-08-16 09:00:00,2026-08-16 10:00:00,1,analysis,replay,402.64,329.94,444.79,454.0,-51.36,51.36,0
2026-08-16 09:00:00,2026-08-16 10:00:00,1,era5,replay,402.64,329.94,444.79,314.0,88.64,88.64,0
2026-08-16 09:00:00,2026-08-16 11:00:00,2,analysis,replay,572.03,441.82,645.09,592.0,-19.97,19.97,1
2026-08-16 09:00:00,2026-08-16 11:00:00,2,era5,replay,572.03,441.82,645.09,586.0,-13.97,13.97,1
2026-08-16 09:00:00,2026-08-16 12:00:00,3,analysis,replay,708.17,510.96,792.18,756.0,-47.83,47.83,1
2026-08-16 09:00:00,2026-08-16 12:00:00,3,era5,replay,708.17,510.96,792.18,670.0,38.17,38.17,1
2026-08-16 10:00:00,2026-08-16 11:00:00,1,analysis,replay,528.67,417.23,612.29,592.0,-63.33,63.33,1
2026-08-16 10:00:00,2026-08-16 11:00:00,1,era5,replay,528.67,417.23,612.29,586.0,-57.33,57.33,1
2026-08-16 10:00:00,2026-08-16 12:00:00,2,analysis,replay,651.51,451.28,760.19,756.0,-104.49,104.49,1
2026-08-16 10:00:00,2026-08-16 12:00:00,2,era5,replay,651.51,451.28,760.19,670.0,-18.49,18.49,1
2026-08-16 10:00:00,2026-08-16 13:00:00,3,analysis,replay,731.0,493.16,848.51,855.0,-124.0,124.0,0
2026-08-16 10:00:00,2026-08-16 13:00:00,3,era5,replay,731.0,493.16,848.51,626.0,105.0,105.0,1
2026-08-16 11:00:00,2026-08-16 12:00:00,1,analysis,replay,718.31,605.22,781.01,756.0,-37.69,37.69,1
2026-08-16 11:00:00,2026-08-16 12:00:00,1,era5,replay,718.31,605.22,781.01,670.0,48.31,48.31,1
2026-08-16 11:00:00,2026-08-16 13:00:00,2,analysis,replay,772.61,577.24,861.14,855.0,-82.39,82.39,1
2026-08-16 11:00:00,2026-08-16 13:00:00,2,era5,replay,772.61,577.24,861.14,626.0,146.61,146.61,1
2026-08-16 11:00:00,2026-08-16 14:00:00,3,analysis,replay,775.77,553.2,876.09,878.0,-102.23,102.23,0
2026-08-16 11:00:00,2026-08-16 14:00:00,3,era5,replay,775.77,553.2,876.09,789.0,-13.23,13.23,1
2026-08-16 12:00:00,2026-08-16 13:00:00,1,analysis,replay,681.39,553.67,784.75,855.0,-173.61,173.61,0
2026-08-16 12:00:00,2026-08-16 13:00:00,1,era5,replay,681.39,553.67,784.75,626.0,55.39,55.39,1
2026-08-16 12:00:00,2026-08-16 14:00:00,2,analysis,replay,728.86,522.76,852.72,878.0,-149.14,149.14,0
2026-08-16 12:00:00,2026-08-16 14:00:00,2,era5,replay,728.86,522.76,852.72,789.0,-60.14,60.14,1
2026-08-16 12:00:00,2026-08-16 15:00:00,3,analysis,replay,691.21,469.32,802.92,817.0,-125.79,125.79,0
2026-08-16 12:00:00,2026-08-16 15:00:00,3,era5,replay,691.21,469.32,802.92,821.0,-129.79,129.79,0
2026-08-16 13:00:00,2026-08-16 14:00:00,1,analysis,replay,723.09,581.18,845.13,878.0,-154.91,154.91,0
2026-08-16 13:00:00,2026-08-16 14:00:00,1,era5,replay,723.09,581.18,845.13,789.0,-65.91,65.91,1
2026-08-16 13:00:00,2026-08-16 15:00:00,2,analysis,replay,655.42,461.26,777.81,817.0,-161.58,161.58,0
2026-08-16 13:00:00,2026-08-16 15:00:00,2,era5,replay,655.42,461.26,777.81,821.0,-165.58,165.58,0
2026-08-16 13:00:00,2026-08-16 16:00:00,3,analysis,replay,559.42,379.5,670.31,697.0,-137.58,137.58,0
2026-08-16 13:00:00,2026-08-16 16:00:00,3,era5,replay,559.42,379.5,670.31,664.0,-104.58,104.58,1
2026-08-16 14:00:00,2026-08-16 15:00:00,1,analysis,replay,764.47,670.01,821.36,817.0,-52.53,52.53,1
2026-08-16 14:00:00,2026-08-16 15:00:00,1,era5,replay,764.47,670.01,821.36,821.0,-56.53,56.53,1
2026-08-16 14:00:00,2026-08-16 16:00:00,2,analysis,replay,616.43,490.48,690.36,697.0,-80.57,80.57,0
2026-08-16 14:00:00,2026-08-16 16:00:00,2,era5,replay,616.43,490.48,690.36,664.0,-47.57,47.57,1
2026-08-16 14:00:00,2026-08-16 17:00:00,3,analysis,replay,454.47,355.68,514.7,571.0,-116.53,116.53,0
2026-08-16 14:00:00,2026-08-16 17:00:00,3,era5,replay,454.47,355.68,514.7,415.0,39.47,39.47,1
2026-08-17 08:00:00,2026-08-17 09:00:00,1,analysis,replay,223.1,167.46,249.82,262.0,-38.9,38.9,0
2026-08-17 08:00:00,2026-08-17 09:00:00,1,era5,replay,223.1,167.46,249.82,213.0,10.1,10.1,1
2026-08-17 08:00:00,2026-08-17 10:00:00,2,analysis,replay,431.71,332.27,478.65,471.0,-39.29,39.29,1
2026-08-17 08:00:00,2026-08-17 10:00:00,2,era5,replay,431.71,332.27,478.65,411.0,20.71,20.71,1
2026-08-17 08:00:00,2026-08-17 11:00:00,3,analysis,replay,615.57,501.53,663.48,711.0,-95.43,95.43,0
2026-08-17 08:00:00,2026-08-17 11:00:00,3,era5,replay,615.57,501.53,663.48,641.0,-25.43,25.43,1
2026-08-17 09:00:00,2026-08-17 10:00:00,1,analysis,replay,445.79,398.39,466.42,471.0,-25.21,25.21,0
2026-08-17 09:00:00,2026-08-17 10:00:00,1,era5,replay,445.79,398.39,466.42,411.0,34.79,34.79,1
2026-08-17 09:00:00,2026-08-17 11:00:00,2,analysis,replay,625.53,521.09,668.48,711.0,-85.47,85.47,0
2026-08-17 09:00:00,2026-08-17 11:00:00,2,era5,replay,625.53,521.09,668.48,641.0,-15.47,15.47,1
2026-08-17 09:00:00,2026-08-17 12:00:00,3,analysis,replay,761.06,614.99,811.77,869.0,-107.94,107.94,0
2026-08-17 09:00:00,2026-08-17 12:00:00,3,era5,replay,761.06,614.99,811.77,801.0,-39.94,39.94,1
2026-08-17 10:00:00,2026-08-17 11:00:00,1,analysis,replay,636.31,585.96,664.74,711.0,-74.69,74.69,0
2026-08-17 10:00:00,2026-08-17 11:00:00,1,era5,replay,636.31,585.96,664.74,641.0,-4.69,4.69,1
2026-08-17 10:00:00,2026-08-17 12:00:00,2,analysis,replay,771.39,672.8,814.12,869.0,-97.61,97.61,0
2026-08-17 10:00:00,2026-08-17 12:00:00,2,era5,replay,771.39,672.8,814.12,801.0,-29.61,29.61,1
2026-08-17 10:00:00,2026-08-17 13:00:00,3,analysis,replay,836.91,695.47,895.31,891.0,-54.09,54.09,1
2026-08-17 10:00:00,2026-08-17 13:00:00,3,era5,replay,836.91,695.47,895.31,728.0,108.91,108.91,1
2026-08-17 11:00:00,2026-08-17 12:00:00,1,analysis,replay,763.74,724.15,806.09,869.0,-105.26,105.26,0
2026-08-17 11:00:00,2026-08-17 12:00:00,1,era5,replay,763.74,724.15,806.09,801.0,-37.26,37.26,1
2026-08-17 11:00:00,2026-08-17 13:00:00,2,analysis,replay,866.09,778.43,908.18,891.0,-24.91,24.91,1
2026-08-17 11:00:00,2026-08-17 13:00:00,2,era5,replay,866.09,778.43,908.18,728.0,138.09,138.09,0
2026-08-17 11:00:00,2026-08-17 14:00:00,3,analysis,replay,870.32,752.69,914.62,894.0,-23.68,23.68,1
2026-08-17 11:00:00,2026-08-17 14:00:00,3,era5,replay,870.32,752.69,914.62,822.0,48.32,48.32,1
2026-08-17 12:00:00,2026-08-17 13:00:00,1,analysis,replay,778.32,707.55,830.61,891.0,-112.68,112.68,0
2026-08-17 12:00:00,2026-08-17 13:00:00,1,era5,replay,778.32,707.55,830.61,728.0,50.32,50.32,1
2026-08-17 12:00:00,2026-08-17 14:00:00,2,analysis,replay,810.09,655.05,879.62,894.0,-83.91,83.91,0
2026-08-17 12:00:00,2026-08-17 14:00:00,2,era5,replay,810.09,655.05,879.62,822.0,-11.91,11.91,1
2026-08-17 12:00:00,2026-08-17 15:00:00,3,analysis,replay,743.19,569.21,828.08,798.0,-54.81,54.81,1
2026-08-17 12:00:00,2026-08-17 15:00:00,3,era5,replay,743.19,569.21,828.08,778.0,-34.81,34.81,1
2026-08-17 13:00:00,2026-08-17 14:00:00,1,analysis,replay,735.58,631.66,817.68,894.0,-158.42,158.42,0
2026-08-17 13:00:00,2026-08-17 14:00:00,1,era5,replay,735.58,631.66,817.68,822.0,-86.42,86.42,0
2026-08-17 13:00:00,2026-08-17 15:00:00,2,analysis,replay,716.14,557.44,799.43,798.0,-81.86,81.86,1
2026-08-17 13:00:00,2026-08-17 15:00:00,2,era5,replay,716.14,557.44,799.43,778.0,-61.86,61.86,1
2026-08-17 13:00:00,2026-08-17 16:00:00,3,analysis,replay,601.65,449.56,684.0,728.0,-126.35,126.35,0
2026-08-17 13:00:00,2026-08-17 16:00:00,3,era5,replay,601.65,449.56,684.0,598.0,3.65,3.65,1
2026-08-17 14:00:00,2026-08-17 15:00:00,1,analysis,replay,746.09,644.47,809.86,798.0,-51.91,51.91,1
2026-08-17 14:00:00,2026-08-17 15:00:00,1,era5,replay,746.09,644.47,809.86,778.0,-31.91,31.91,1
2026-08-17 14:00:00,2026-08-17 16:00:00,2,analysis,replay,622.44,495.77,685.58,728.0,-105.56,105.56,0
2026-08-17 14:00:00,2026-08-17 16:00:00,2,era5,replay,622.44,495.77,685.58,598.0,24.44,24.44,1
2026-08-17 14:00:00,2026-08-17 17:00:00,3,analysis,replay,464.75,360.74,513.64,569.0,-104.25,104.25,0
2026-08-17 14:00:00,2026-08-17 17:00:00,3,era5,replay,464.75,360.74,513.64,438.0,26.75,26.75,1
2026-08-18 08:00:00,2026-08-18 09:00:00,1,analysis,replay,226.41,187.5,246.5,269.0,-42.59,42.59,0
2026-08-18 08:00:00,2026-08-18 09:00:00,1,era5,replay,226.41,187.5,246.5,216.0,10.41,10.41,1
2026-08-18 08:00:00,2026-08-18 10:00:00,2,analysis,replay,436.21,341.97,478.9,482.0,-45.79,45.79,0
2026-08-18 08:00:00,2026-08-18 10:00:00,2,era5,replay,436.21,341.97,478.9,378.0,58.21,58.21,1
2026-08-18 08:00:00,2026-08-18 11:00:00,3,analysis,replay,626.98,526.85,669.27,718.0,-91.02,91.02,0
2026-08-18 08:00:00,2026-08-18 11:00:00,3,era5,replay,626.98,526.85,669.27,581.0,45.98,45.98,1
2026-08-18 09:00:00,2026-08-18 10:00:00,1,analysis,replay,429.95,379.63,459.53,482.0,-52.05,52.05,0
2026-08-18 09:00:00,2026-08-18 10:00:00,1,era5,replay,429.95,379.63,459.53,378.0,51.95,51.95,0
2026-08-18 09:00:00,2026-08-18 11:00:00,2,analysis,replay,620.86,540.94,664.25,718.0,-97.14,97.14,0
2026-08-18 09:00:00,2026-08-18 11:00:00,2,era5,replay,620.86,540.94,664.25,581.0,39.86,39.86,1
2026-08-18 09:00:00,2026-08-18 12:00:00,3,analysis,replay,736.26,599.57,800.96,869.0,-132.74,132.74,0
2026-08-18 09:00:00,2026-08-18 12:00:00,3,era5,replay,736.26,599.57,800.96,663.0,73.26,73.26,1
2026-08-18 10:00:00,2026-08-18 11:00:00,1,analysis,replay,617.14,540.5,655.8,718.0,-100.86,100.86,0
2026-08-18 10:00:00,2026-08-18 11:00:00,1,era5,replay,617.14,540.5,655.8,581.0,36.14,36.14,1
2026-08-18 10:00:00,2026-08-18 12:00:00,2,analysis,replay,752.63,647.64,807.36,869.0,-116.37,116.37,0
2026-08-18 10:00:00,2026-08-18 12:00:00,2,era5,replay,752.63,647.64,807.36,663.0,89.63,89.63,1
2026-08-18 10:00:00,2026-08-18 13:00:00,3,analysis,replay,818.64,674.24,886.95,954.0,-135.36,135.36,0
2026-08-18 10:00:00,2026-08-18 13:00:00,3,era5,replay,818.64,674.24,886.95,728.0,90.64,90.64,1
2026-08-18 11:00:00,2026-08-18 12:00:00,1,analysis,replay,776.46,708.79,812.28,869.0,-92.54,92.54,0
2026-08-18 11:00:00,2026-08-18 12:00:00,1,era5,replay,776.46,708.79,812.28,663.0,113.46,113.46,0
2026-08-18 11:00:00,2026-08-18 13:00:00,2,analysis,replay,837.11,730.28,890.65,954.0,-116.89,116.89,0
2026-08-18 11:00:00,2026-08-18 13:00:00,2,era5,replay,837.11,730.28,890.65,728.0,109.11,109.11,0
2026-08-18 11:00:00,2026-08-18 14:00:00,3,analysis,replay,847.65,728.6,905.84,966.0,-118.35,118.35,0
2026-08-18 11:00:00,2026-08-18 14:00:00,3,era5,replay,847.65,728.6,905.84,815.0,32.65,32.65,1
2026-08-18 12:00:00,2026-08-18 13:00:00,1,analysis,replay,817.9,710.09,877.41,954.0,-136.1,136.1,0
2026-08-18 12:00:00,2026-08-18 13:00:00,1,era5,replay,817.9,710.09,877.41,728.0,89.9,89.9,1
2026-08-18 12:00:00,2026-08-18 14:00:00,2,analysis,replay,824.76,702.75,893.81,966.0,-141.24,141.24,0
2026-08-18 12:00:00,2026-08-18 14:00:00,2,era5,replay,824.76,702.75,893.81,815.0,9.76,9.76,1
2026-08-18 12:00:00,2026-08-18 15:00:00,3,analysis,replay,772.09,637.54,840.03,902.0,-129.91,129.91,0
2026-08-18 12:00:00,2026-08-18 15:00:00,3,era5,replay,772.09,637.54,840.03,754.0,18.09,18.09,1
2026-08-18 13:00:00,2026-08-18 14:00:00,1,analysis,replay,835.36,746.68,888.15,966.0,-130.64,130.64,0
2026-08-18 13:00:00,2026-08-18 14:00:00,1,era5,replay,835.36,746.68,888.15,815.0,20.36,20.36,1
2026-08-18 13:00:00,2026-08-18 15:00:00,2,analysis,replay,755.92,642.16,828.65,902.0,-146.08,146.08,0
2026-08-18 13:00:00,2026-08-18 15:00:00,2,era5,replay,755.92,642.16,828.65,754.0,1.92,1.92,1
2026-08-18 13:00:00,2026-08-18 16:00:00,3,analysis,replay,652.67,541.63,708.69,768.0,-115.33,115.33,0
2026-08-18 13:00:00,2026-08-18 16:00:00,3,era5,replay,652.67,541.63,708.69,671.0,-18.33,18.33,1
2026-08-18 14:00:00,2026-08-18 15:00:00,1,analysis,replay,737.41,659.36,806.56,902.0,-164.59,164.59,0
2026-08-18 14:00:00,2026-08-18 15:00:00,1,era5,replay,737.41,659.36,806.56,754.0,-16.59,16.59,1
2026-08-18 14:00:00,2026-08-18 16:00:00,2,analysis,replay,634.32,545.89,688.29,768.0,-133.68,133.68,0
2026-08-18 14:00:00,2026-08-18 16:00:00,2,era5,replay,634.32,545.89,688.29,671.0,-36.68,36.68,1
2026-08-18 14:00:00,2026-08-18 17:00:00,3,analysis,replay,483.44,419.57,521.28,576.0,-92.56,92.56,0
2026-08-18 14:00:00,2026-08-18 17:00:00,3,era5,replay,483.44,419.57,521.28,504.0,-20.56,20.56,1
2026-08-19 08:00:00,2026-08-19 09:00:00,1,analysis,replay,110.9,53.43,213.08,252.0,-141.1,141.1,0
2026-08-19 08:00:00,2026-08-19 09:00:00,1,era5,replay,110.9,53.43,213.08,201.0,-90.1,90.1,1
2026-08-19 08:00:00,2026-08-19 10:00:00,2,analysis,replay,268.01,129.36,409.29,393.0,-124.99,124.99,1
2026-08-19 08:00:00,2026-08-19 10:00:00,2,era5,replay,268.01,129.36,409.29,435.0,-166.99,166.99,0
2026-08-19 08:00:00,2026-08-19 11:00:00,3,analysis,replay,424.86,220.87,584.55,634.0,-209.14,209.14,0
2026-08-19 08:00:00,2026-08-19 11:00:00,3,era5,replay,424.86,220.87,584.55,624.0,-199.14,199.14,0
2026-08-19 09:00:00,2026-08-19 10:00:00,1,analysis,replay,405.49,326.8,451.26,393.0,12.49,12.49,1
2026-08-19 09:00:00,2026-08-19 10:00:00,1,era5,replay,405.49,326.8,451.26,435.0,-29.51,29.51,1
2026-08-19 09:00:00,2026-08-19 11:00:00,2,analysis,replay,598.13,459.62,655.13,634.0,-35.87,35.87,1
2026-08-19 09:00:00,2026-08-19 11:00:00,2,era5,replay,598.13,459.62,655.13,624.0,-25.87,25.87,1
2026-08-19 09:00:00,2026-08-19 12:00:00,3,analysis,replay,721.43,544.66,798.52,854.0,-132.57,132.57,0
2026-08-19 09:00:00,2026-08-19 12:00:00,3,era5,replay,721.43,544.66,798.52,754.0,-32.57,32.57,1
2026-08-19 10:00:00,2026-08-19 11:00:00,1,analysis,replay,639.83,580.29,671.54,634.0,5.83,5.83,1
2026-08-19 10:00:00,2026-08-19 11:00:00,1,era5,replay,639.83,580.29,671.54,624.0,15.83,15.83,1
2026-08-19 10:00:00,2026-08-19 12:00:00,2,analysis,replay,773.97,664.32,818.66,854.0,-80.03,80.03,0
2026-08-19 10:00:00,2026-08-19 12:00:00,2,era5,replay,773.97,664.32,818.66,754.0,19.97,19.97,1
2026-08-19 10:00:00,2026-08-19 13:00:00,3,analysis,replay,837.53,664.69,897.91,887.0,-49.47,49.47,1
2026-08-19 10:00:00,2026-08-19 13:00:00,3,era5,replay,837.53,664.69,897.91,863.0,-25.47,25.47,1
2026-08-19 11:00:00,2026-08-19 12:00:00,1,analysis,replay,772.21,689.85,809.13,854.0,-81.79,81.79,0
2026-08-19 11:00:00,2026-08-19 12:00:00,1,era5,replay,772.21,689.85,809.13,754.0,18.21,18.21,1
2026-08-19 11:00:00,2026-08-19 13:00:00,2,analysis,replay,843.41,701.36,897.87,887.0,-43.59,43.59,1
2026-08-19 11:00:00,2026-08-19 13:00:00,2,era5,replay,843.41,701.36,897.87,863.0,-19.59,19.59,1
2026-08-19 11:00:00,2026-08-19 14:00:00,3,analysis,replay,839.29,664.99,902.99,796.0,43.29,43.29,1
2026-08-19 11:00:00,2026-08-19 14:00:00,3,era5,replay,839.29,664.99,902.99,883.0,-43.71,43.71,1
2026-08-19 12:00:00,2026-08-19 13:00:00,1,analysis,replay,831.96,749.15,880.35,887.0,-55.04,55.04,0
2026-08-19 12:00:00,2026-08-19 13:00:00,1,era5,replay,831.96,749.15,880.35,863.0,-31.04,31.04,1
2026-08-19 12:00:00,2026-08-19 14:00:00,2,analysis,replay,832.28,693.99,894.12,796.0,36.28,36.28,1
2026-08-19 12:00:00,2026-08-19 14:00:00,2,era5,replay,832.28,693.99,894.12,883.0,-50.72,50.72,1
2026-08-19 12:00:00,2026-08-19 15:00:00,3,analysis,replay,749.87,591.72,832.59,620.0,129.87,129.87,1
2026-08-19 12:00:00,2026-08-19 15:00:00,3,era5,replay,749.87,591.72,832.59,792.0,-42.13,42.13,1
2026-08-19 13:00:00,2026-08-19 14:00:00,1,analysis,replay,864.7,807.84,903.51,796.0,68.7,68.7,0
2026-08-19 13:00:00,2026-08-19 14:00:00,1,era5,replay,864.7,807.84,903.51,883.0,-18.3,18.3,1
2026-08-19 13:00:00,2026-08-19 15:00:00,2,analysis,replay,801.44,717.75,845.39,620.0,181.44,181.44,0
2026-08-19 13:00:00,2026-08-19 15:00:00,2,era5,replay,801.44,717.75,845.39,792.0,9.44,9.44,1
2026-08-19 13:00:00,2026-08-19 16:00:00,3,analysis,replay,674.42,587.82,712.72,757.0,-82.58,82.58,0
2026-08-19 13:00:00,2026-08-19 16:00:00,3,era5,replay,674.42,587.82,712.72,673.0,1.42,1.42,1
2026-08-19 14:00:00,2026-08-19 15:00:00,1,analysis,replay,786.97,714.0,834.53,620.0,166.97,166.97,0
2026-08-19 14:00:00,2026-08-19 15:00:00,1,era5,replay,786.97,714.0,834.53,792.0,-5.03,5.03,1
2026-08-19 14:00:00,2026-08-19 16:00:00,2,analysis,replay,646.8,539.75,703.15,757.0,-110.2,110.2,0
2026-08-19 14:00:00,2026-08-19 16:00:00,2,era5,replay,646.8,539.75,703.15,673.0,-26.2,26.2,1
2026-08-19 14:00:00,2026-08-19 17:00:00,3,analysis,replay,473.01,387.19,518.54,520.0,-46.99,46.99,0
2026-08-19 14:00:00,2026-08-19 17:00:00,3,era5,replay,473.01,387.19,518.54,468.0,5.01,5.01,1
2026-08-20 08:00:00,2026-08-20 09:00:00,1,analysis,replay,202.72,120.48,237.44,176.0,26.72,26.72,1
2026-08-20 08:00:00,2026-08-20 09:00:00,1,era5,replay,202.72,120.48,237.44,188.0,14.72,14.72,1
2026-08-20 08:00:00,2026-08-20 10:00:00,2,analysis,replay,411.4,271.93,467.17,391.0,20.4,20.4,1
2026-08-20 08:00:00,2026-08-20 10:00:00,2,era5,replay,411.4,271.93,467.17,358.0,53.4,53.4,1
2026-08-20 08:00:00,2026-08-20 11:00:00,3,analysis,replay,583.96,400.83,656.45,538.0,45.96,45.96,1
2026-08-20 08:00:00,2026-08-20 11:00:00,3,era5,replay,583.96,400.83,656.45,519.0,64.96,64.96,1
2026-08-20 09:00:00,2026-08-20 10:00:00,1,analysis,replay,394.91,301.44,444.25,391.0,3.91,3.91,1
2026-08-20 09:00:00,2026-08-20 10:00:00,1,era5,replay,394.91,301.44,444.25,358.0,36.91,36.91,1
2026-08-20 09:00:00,2026-08-20 11:00:00,2,analysis,replay,554.08,386.01,639.69,538.0,16.08,16.08,1
2026-08-20 09:00:00,2026-08-20 11:00:00,2,era5,replay,554.08,386.01,639.69,519.0,35.08,35.08,1
2026-08-20 09:00:00,2026-08-20 12:00:00,3,analysis,replay,692.91,476.7,789.88,728.0,-35.09,35.09,1
2026-08-20 09:00:00,2026-08-20 12:00:00,3,era5,replay,692.91,476.7,789.88,723.0,-30.09,30.09,1
2026-08-20 10:00:00,2026-08-20 11:00:00,1,analysis,replay,466.81,337.2,584.77,538.0,-71.19,71.19,1
2026-08-20 10:00:00,2026-08-20 11:00:00,1,era5,replay,466.81,337.2,584.77,519.0,-52.19,52.19,1
2026-08-20 10:00:00,2026-08-20 12:00:00,2,analysis,replay,656.44,442.82,768.57,728.0,-71.56,71.56,1
2026-08-20 10:00:00,2026-08-20 12:00:00,2,era5,replay,656.44,442.82,768.57,723.0,-66.56,66.56,1
2026-08-20 10:00:00,2026-08-20 13:00:00,3,analysis,replay,753.04,501.08,865.45,859.0,-105.96,105.96,1
2026-08-20 10:00:00,2026-08-20 13:00:00,3,era5,replay,753.04,501.08,865.45,847.0,-93.96,93.96,1
2026-08-20 11:00:00,2026-08-20 12:00:00,1,analysis,replay,688.07,554.01,776.56,728.0,-39.93,39.93,1
2026-08-20 11:00:00,2026-08-20 12:00:00,1,era5,replay,688.07,554.01,776.56,723.0,-34.93,34.93,1
2026-08-20 11:00:00,2026-08-20 13:00:00,2,analysis,replay,779.31,578.58,868.35,859.0,-79.69,79.69,1
2026-08-20 11:00:00,2026-08-20 13:00:00,2,era5,replay,779.31,578.58,868.35,847.0,-67.69,67.69,1
2026-08-20 11:00:00,2026-08-20 14:00:00,3,analysis,replay,759.74,529.84,872.24,854.0,-94.26,94.26,1
2026-08-20 11:00:00,2026-08-20 14:00:00,3,era5,replay,759.74,529.84,872.24,850.0,-90.26,90.26,1
2026-08-20 12:00:00,2026-08-20 13:00:00,1,analysis,replay,815.13,723.95,871.51,859.0,-43.87,43.87,1
2026-08-20 12:00:00,2026-08-20 13:00:00,1,era5,replay,815.13,723.95,871.51,847.0,-31.87,31.87,1
2026-08-20 12:00:00,2026-08-20 14:00:00,2,analysis,replay,816.37,663.97,886.62,854.0,-37.63,37.63,1
2026-08-20 12:00:00,2026-08-20 14:00:00,2,era5,replay,816.37,663.97,886.62,850.0,-33.63,33.63,1
2026-08-20 12:00:00,2026-08-20 15:00:00,3,analysis,replay,745.08,565.43,825.21,850.0,-104.92,104.92,0
2026-08-20 12:00:00,2026-08-20 15:00:00,3,era5,replay,745.08,565.43,825.21,777.0,-31.92,31.92,1
2026-08-20 13:00:00,2026-08-20 14:00:00,1,analysis,replay,852.41,755.31,902.35,854.0,-1.59,1.59,1
2026-08-20 13:00:00,2026-08-20 14:00:00,1,era5,replay,852.41,755.31,902.35,850.0,2.41,2.41,1
2026-08-20 13:00:00,2026-08-20 15:00:00,2,analysis,replay,779.92,652.09,837.21,850.0,-70.08,70.08,0
2026-08-20 13:00:00,2026-08-20 15:00:00,2,era5,replay,779.92,652.09,837.21,777.0,2.92,2.92,1
2026-08-20 13:00:00,2026-08-20 16:00:00,3,analysis,replay,655.01,516.07,713.42,717.0,-61.99,61.99,0
2026-08-20 13:00:00,2026-08-20 16:00:00,3,era5,replay,655.01,516.07,713.42,588.0,67.01,67.01,1
2026-08-21 08:00:00,2026-08-21 09:00:00,1,analysis,replay,231.47,202.42,250.46,284.0,-52.53,52.53,0
2026-08-21 08:00:00,2026-08-21 09:00:00,1,era5,replay,231.47,202.42,250.46,207.0,24.47,24.47,1
2026-08-21 08:00:00,2026-08-21 10:00:00,2,analysis,replay,449.3,406.44,487.62,522.0,-72.7,72.7,0
2026-08-21 08:00:00,2026-08-21 10:00:00,2,era5,replay,449.3,406.44,487.62,415.0,34.3,34.3,1
2026-08-21 08:00:00,2026-08-21 11:00:00,3,analysis,replay,644.98,595.16,679.96,731.0,-86.02,86.02,0
2026-08-21 08:00:00,2026-08-21 11:00:00,3,era5,replay,644.98,595.16,679.96,642.0,2.98,2.98,1
2026-08-21 09:00:00,2026-08-21 10:00:00,1,analysis,replay,425.59,399.58,448.0,522.0,-96.41,96.41,0
2026-08-21 09:00:00,2026-08-21 10:00:00,1,era5,replay,425.59,399.58,448.0,415.0,10.59,10.59,1
2026-08-21 09:00:00,2026-08-21 11:00:00,2,analysis,replay,620.13,562.08,656.21,731.0,-110.87,110.87,0
2026-08-21 09:00:00,2026-08-21 11:00:00,2,era5,replay,620.13,562.08,656.21,642.0,-21.87,21.87,1
2026-08-21 09:00:00,2026-08-21 12:00:00,3,analysis,replay,748.59,641.44,804.57,884.0,-135.41,135.41,0
2026-08-21 09:00:00,2026-08-21 12:00:00,3,era5,replay,748.59,641.44,804.57,791.0,-42.41,42.41,1
2026-08-21 10:00:00,2026-08-21 11:00:00,1,analysis,replay,636.62,623.19,652.31,731.0,-94.38,94.38,0
2026-08-21 10:00:00,2026-08-21 11:00:00,1,era5,replay,636.62,623.19,652.31,642.0,-5.38,5.38,1
2026-08-21 10:00:00,2026-08-21 12:00:00,2,analysis,replay,776.61,721.58,815.6,884.0,-107.39,107.39,0
2026-08-21 10:00:00,2026-08-21 12:00:00,2,era5,replay,776.61,721.58,815.6,791.0,-14.39,14.39,1
2026-08-21 10:00:00,2026-08-21 13:00:00,3,analysis,replay,848.17,787.52,894.35,973.0,-124.83,124.83,0
2026-08-21 10:00:00,2026-08-21 13:00:00,3,era5,replay,848.17,787.52,894.35,870.0,-21.83,21.83,1
2026-08-21 11:00:00,2026-08-21 12:00:00,1,analysis,replay,798.71,787.93,816.04,884.0,-85.29,85.29,0
2026-08-21 11:00:00,2026-08-21 12:00:00,1,era5,replay,798.71,787.93,816.04,791.0,7.71,7.71,1
2026-08-21 11:00:00,2026-08-21 13:00:00,2,analysis,replay,892.88,864.94,919.2,973.0,-80.12,80.12,0
2026-08-21 11:00:00,2026-08-21 13:00:00,2,era5,replay,892.88,864.94,919.2,870.0,22.88,22.88,1
2026-08-21 11:00:00,2026-08-21 14:00:00,3,analysis,replay,889.34,831.2,925.48,984.0,-94.66,94.66,0
2026-08-21 11:00:00,2026-08-21 14:00:00,3,era5,replay,889.34,831.2,925.48,858.0,31.34,31.34,1
2026-08-21 12:00:00,2026-08-21 13:00:00,1,analysis,replay,883.49,860.96,896.05,973.0,-89.51,89.51,0
2026-08-21 12:00:00,2026-08-21 13:00:00,1,era5,replay,883.49,860.96,896.05,870.0,13.49,13.49,1
2026-08-21 12:00:00,2026-08-21 14:00:00,2,analysis,replay,891.33,834.35,922.11,984.0,-92.67,92.67,0
2026-08-21 12:00:00,2026-08-21 14:00:00,2,era5,replay,891.33,834.35,922.11,858.0,33.33,33.33,1
2026-08-21 12:00:00,2026-08-21 15:00:00,3,analysis,replay,817.72,741.65,860.17,919.0,-101.28,101.28,0
2026-08-21 12:00:00,2026-08-21 15:00:00,3,era5,replay,817.72,741.65,860.17,770.0,47.72,47.72,1
2026-08-21 13:00:00,2026-08-21 14:00:00,1,analysis,replay,885.69,849.41,908.85,984.0,-98.31,98.31,0
2026-08-21 13:00:00,2026-08-21 14:00:00,1,era5,replay,885.69,849.41,908.85,858.0,27.69,27.69,1
2026-08-21 13:00:00,2026-08-21 15:00:00,2,analysis,replay,824.51,769.97,861.6,919.0,-94.49,94.49,0
2026-08-21 13:00:00,2026-08-21 15:00:00,2,era5,replay,824.51,769.97,861.6,770.0,54.51,54.51,1
2026-08-21 13:00:00,2026-08-21 16:00:00,3,analysis,replay,710.78,669.61,732.04,782.0,-71.22,71.22,0
2026-08-21 13:00:00,2026-08-21 16:00:00,3,era5,replay,710.78,669.61,732.04,671.0,39.78,39.78,1
2026-08-21 14:00:00,2026-08-21 15:00:00,1,analysis,replay,791.53,764.8,831.76,919.0,-127.47,127.47,0
2026-08-21 14:00:00,2026-08-21 15:00:00,1,era5,replay,791.53,764.8,831.76,770.0,21.53,21.53,1
2026-08-21 14:00:00,2026-08-21 16:00:00,2,analysis,replay,677.68,615.21,713.64,782.0,-104.32,104.32,0
2026-08-21 14:00:00,2026-08-21 16:00:00,2,era5,replay,677.68,615.21,713.64,671.0,6.68,6.68,1
2026-08-21 14:00:00,2026-08-21 17:00:00,3,analysis,replay,503.07,457.13,529.28,589.0,-85.93,85.93,0
2026-08-21 14:00:00,2026-08-21 17:00:00,3,era5,replay,503.07,457.13,529.28,514.0,-10.93,10.93,1
2026-08-22 08:00:00,2026-08-22 09:00:00,1,analysis,replay,237.02,205.79,255.3,288.0,-50.98,50.98,0
2026-08-22 08:00:00,2026-08-22 09:00:00,1,era5,replay,237.02,205.79,255.3,209.0,28.02,28.02,1
2026-08-22 08:00:00,2026-08-22 10:00:00,2,analysis,replay,454.04,407.14,491.67,531.0,-76.96,76.96,0
2026-08-22 08:00:00,2026-08-22 10:00:00,2,era5,replay,454.04,407.14,491.67,455.0,-0.96,0.96,1
2026-08-22 08:00:00,2026-08-22 11:00:00,3,analysis,replay,647.07,582.88,681.44,741.0,-93.93,93.93,0
2026-08-22 08:00:00,2026-08-22 11:00:00,3,era5,replay,647.07,582.88,681.44,665.0,-17.93,17.93,1
2026-08-22 09:00:00,2026-08-22 10:00:00,1,analysis,replay,438.98,413.33,458.91,531.0,-92.02,92.02,0
2026-08-22 09:00:00,2026-08-22 10:00:00,1,era5,replay,438.98,413.33,458.91,455.0,-16.02,16.02,1
2026-08-22 09:00:00,2026-08-22 11:00:00,2,analysis,replay,626.9,573.1,658.3,741.0,-114.1,114.1,0
2026-08-22 09:00:00,2026-08-22 11:00:00,2,era5,replay,626.9,573.1,658.3,665.0,-38.1,38.1,0
2026-08-22 09:00:00,2026-08-22 12:00:00,3,analysis,replay,748.85,643.01,805.66,895.0,-146.15,146.15,0
2026-08-22 09:00:00,2026-08-22 12:00:00,3,era5,replay,748.85,643.01,805.66,834.0,-85.15,85.15,0
2026-08-22 10:00:00,2026-08-22 11:00:00,1,analysis,replay,664.74,661.32,669.75,741.0,-76.26,76.26,0
2026-08-22 10:00:00,2026-08-22 11:00:00,1,era5,replay,664.74,661.32,669.75,665.0,-0.26,0.26,1
2026-08-22 10:00:00,2026-08-22 12:00:00,2,analysis,replay,808.9,776.96,837.15,895.0,-86.1,86.1,0
2026-08-22 10:00:00,2026-08-22 12:00:00,2,era5,replay,808.9,776.96,837.15,834.0,-25.1,25.1,1
2026-08-22 10:00:00,2026-08-22 13:00:00,3,analysis,replay,888.31,844.21,919.31,980.0,-91.69,91.69,0
2026-08-22 10:00:00,2026-08-22 13:00:00,3,era5,replay,888.31,844.21,919.31,932.0,-43.69,43.69,0
2026-08-22 11:00:00,2026-08-22 12:00:00,1,analysis,replay,826.53,823.62,829.27,895.0,-68.47,68.47,0
2026-08-22 11:00:00,2026-08-22 12:00:00,1,era5,replay,826.53,823.62,829.27,834.0,-7.47,7.47,0
2026-08-22 11:00:00,2026-08-22 13:00:00,2,analysis,replay,899.43,869.02,923.06,980.0,-80.57,80.57,0
2026-08-22 11:00:00,2026-08-22 13:00:00,2,era5,replay,899.43,869.02,923.06,932.0,-32.57,32.57,0
2026-08-22 11:00:00,2026-08-22 14:00:00,3,analysis,replay,896.5,841.47,927.48,988.0,-91.5,91.5,0
2026-08-22 11:00:00,2026-08-22 14:00:00,3,era5,replay,896.5,841.47,927.48,949.0,-52.5,52.5,0
2026-08-22 12:00:00,2026-08-22 13:00:00,1,analysis,replay,918.56,916.54,922.9,980.0,-61.44,61.44,0
2026-08-22 12:00:00,2026-08-22 13:00:00,1,era5,replay,918.56,916.54,922.9,932.0,-13.44,13.44,0
2026-08-22 12:00:00,2026-08-22 14:00:00,2,analysis,replay,899.99,868.64,934.99,988.0,-88.01,88.01,0
2026-08-22 12:00:00,2026-08-22 14:00:00,2,era5,replay,899.99,868.64,934.99,949.0,-49.01,49.01,0
2026-08-22 12:00:00,2026-08-22 15:00:00,3,analysis,replay,834.01,784.64,870.28,925.0,-90.99,90.99,0
2026-08-22 12:00:00,2026-08-22 15:00:00,3,era5,replay,834.01,784.64,870.28,881.0,-46.99,46.99,0
2026-08-22 13:00:00,2026-08-22 14:00:00,1,analysis,replay,940.63,939.82,955.22,988.0,-47.37,47.37,0
2026-08-22 13:00:00,2026-08-22 14:00:00,1,era5,replay,940.63,939.82,955.22,949.0,-8.37,8.37,1
2026-08-22 13:00:00,2026-08-22 15:00:00,2,analysis,replay,842.33,819.6,873.68,925.0,-82.67,82.67,0
2026-08-22 13:00:00,2026-08-22 15:00:00,2,era5,replay,842.33,819.6,873.68,881.0,-38.67,38.67,0
2026-08-22 13:00:00,2026-08-22 16:00:00,3,analysis,replay,721.09,694.98,743.9,792.0,-70.91,70.91,0
2026-08-22 13:00:00,2026-08-22 16:00:00,3,era5,replay,721.09,694.98,743.9,740.0,-18.91,18.91,1
2026-08-22 14:00:00,2026-08-22 15:00:00,1,analysis,replay,871.97,870.23,888.46,925.0,-53.03,53.03,0
2026-08-22 14:00:00,2026-08-22 15:00:00,1,era5,replay,871.97,870.23,888.46,881.0,-9.03,9.03,1
2026-08-22 14:00:00,2026-08-22 16:00:00,2,analysis,replay,726.8,698.87,742.52,792.0,-65.2,65.2,0
2026-08-22 14:00:00,2026-08-22 16:00:00,2,era5,replay,726.8,698.87,742.52,740.0,-13.2,13.2,1
2026-08-22 14:00:00,2026-08-22 17:00:00,3,analysis,replay,533.7,520.07,548.84,598.0,-64.3,64.3,0
2026-08-22 14:00:00,2026-08-22 17:00:00,3,era5,replay,533.7,520.07,548.84,539.0,-5.3,5.3,1
2026-08-23 08:00:00,2026-08-23 09:00:00,1,analysis,replay,230.47,192.19,252.0,254.0,-23.53,23.53,0
2026-08-23 08:00:00,2026-08-23 09:00:00,1,era5,replay,230.47,192.19,252.0,221.0,9.47,9.47,1
2026-08-23 08:00:00,2026-08-23 10:00:00,2,analysis,replay,435.6,343.54,480.54,493.0,-57.4,57.4,0
2026-08-23 08:00:00,2026-08-23 10:00:00,2,era5,replay,435.6,343.54,480.54,448.0,-12.4,12.4,1
2026-08-23 08:00:00,2026-08-23 11:00:00,3,analysis,replay,628.72,527.24,672.96,708.0,-79.28,79.28,0
2026-08-23 08:00:00,2026-08-23 11:00:00,3,era5,replay,628.72,527.24,672.96,625.0,3.72,3.72,1
2026-08-23 09:00:00,2026-08-23 10:00:00,1,analysis,replay,439.94,405.98,463.53,493.0,-53.06,53.06,0
2026-08-23 09:00:00,2026-08-23 10:00:00,1,era5,replay,439.94,405.98,463.53,448.0,-8.06,8.06,1
2026-08-23 09:00:00,2026-08-23 11:00:00,2,analysis,replay,638.7,577.33,675.69,708.0,-69.3,69.3,0
2026-08-23 09:00:00,2026-08-23 11:00:00,2,era5,replay,638.7,577.33,675.69,625.0,13.7,13.7,1
2026-08-23 09:00:00,2026-08-23 12:00:00,3,analysis,replay,761.37,645.05,817.97,850.0,-88.63,88.63,0
2026-08-23 09:00:00,2026-08-23 12:00:00,3,era5,replay,761.37,645.05,817.97,811.0,-49.63,49.63,1
2026-08-23 10:00:00,2026-08-23 11:00:00,1,analysis,replay,641.59,604.1,665.38,708.0,-66.41,66.41,0
2026-08-23 10:00:00,2026-08-23 11:00:00,1,era5,replay,641.59,604.1,665.38,625.0,16.59,16.59,1
2026-08-23 10:00:00,2026-08-23 12:00:00,2,analysis,replay,790.81,713.9,825.51,850.0,-59.19,59.19,0
2026-08-23 10:00:00,2026-08-23 12:00:00,2,era5,replay,790.81,713.9,825.51,811.0,-20.19,20.19,1
2026-08-23 10:00:00,2026-08-23 13:00:00,3,analysis,replay,861.4,717.43,908.67,923.0,-61.6,61.6,0
2026-08-23 10:00:00,2026-08-23 13:00:00,3,era5,replay,861.4,717.43,908.67,830.0,31.4,31.4,1
2026-08-23 11:00:00,2026-08-23 12:00:00,1,analysis,replay,776.83,731.28,816.18,850.0,-73.17,73.17,0
2026-08-23 11:00:00,2026-08-23 12:00:00,1,era5,replay,776.83,731.28,816.18,811.0,-34.17,34.17,1
2026-08-23 11:00:00,2026-08-23 13:00:00,2,analysis,replay,866.96,776.62,906.52,923.0,-56.04,56.04,0
2026-08-23 11:00:00,2026-08-23 13:00:00,2,era5,replay,866.96,776.62,906.52,830.0,36.96,36.96,1
2026-08-23 11:00:00,2026-08-23 14:00:00,3,analysis,replay,868.47,742.11,910.12,938.0,-69.53,69.53,0
2026-08-23 11:00:00,2026-08-23 14:00:00,3,era5,replay,868.47,742.11,910.12,893.0,-24.53,24.53,1
2026-08-23 12:00:00,2026-08-23 13:00:00,1,analysis,replay,888.28,853.64,913.03,923.0,-34.72,34.72,0
2026-08-23 12:00:00,2026-08-23 13:00:00,1,era5,replay,888.28,853.64,913.03,830.0,58.28,58.28,0
2026-08-23 12:00:00,2026-08-23 14:00:00,2,analysis,replay,892.2,815.69,927.08,938.0,-45.8,45.8,0
2026-08-23 12:00:00,2026-08-23 14:00:00,2,era5,replay,892.2,815.69,927.08,893.0,-0.8,0.8,1
2026-08-23 12:00:00,2026-08-23 15:00:00,3,analysis,replay,818.2,710.35,858.73,839.0,-20.8,20.8,1
2026-08-23 12:00:00,2026-08-23 15:00:00,3,era5,replay,818.2,710.35,858.73,783.0,35.2,35.2,1
2026-08-23 13:00:00,2026-08-23 14:00:00,1,analysis,replay,878.21,822.27,908.7,938.0,-59.79,59.79,0
2026-08-23 13:00:00,2026-08-23 14:00:00,1,era5,replay,878.21,822.27,908.7,893.0,-14.79,14.79,1
2026-08-23 13:00:00,2026-08-23 15:00:00,2,analysis,replay,803.51,715.23,849.25,839.0,-35.49,35.49,1
2026-08-23 13:00:00,2026-08-23 15:00:00,2,era5,replay,803.51,715.23,849.25,783.0,20.51,20.51,1
2026-08-23 13:00:00,2026-08-23 16:00:00,3,analysis,replay,679.99,586.41,718.63,771.0,-91.01,91.01,0
2026-08-23 13:00:00,2026-08-23 16:00:00,3,era5,replay,679.99,586.41,718.63,699.0,-19.01,19.01,1
2026-08-23 14:00:00,2026-08-23 15:00:00,1,analysis,replay,829.11,799.21,853.35,839.0,-9.89,9.89,1
2026-08-23 14:00:00,2026-08-23 15:00:00,1,era5,replay,829.11,799.21,853.35,783.0,46.11,46.11,0
2026-08-23 14:00:00,2026-08-23 16:00:00,2,analysis,replay,696.19,647.63,726.07,771.0,-74.81,74.81,0
2026-08-23 14:00:00,2026-08-23 16:00:00,2,era5,replay,696.19,647.63,726.07,699.0,-2.81,2.81,1
2026-08-23 14:00:00,2026-08-23 17:00:00,3,analysis,replay,514.29,468.15,538.46,574.0,-59.71,59.71,0
2026-08-23 14:00:00,2026-08-23 17:00:00,3,era5,replay,514.29,468.15,538.46,507.0,7.29,7.29,1
2026-08-24 08:00:00,2026-08-24 09:00:00,1,analysis,replay,232.02,198.62,254.96,249.0,-16.98,16.98,1
2026-08-24 08:00:00,2026-08-24 09:00:00,1,era5,replay,232.02,198.62,254.96,230.0,2.02,2.02,1
2026-08-24 08:00:00,2026-08-24 10:00:00,2,analysis,replay,436.87,341.42,482.28,484.0,-47.13,47.13,0
2026-08-24 08:00:00,2026-08-24 10:00:00,2,era5,replay,436.87,341.42,482.28,454.0,-17.13,17.13,1
2026-08-24 08:00:00,2026-08-24 11:00:00,3,analysis,replay,623.3,509.29,669.52,683.0,-59.7,59.7,0
2026-08-24 08:00:00,2026-08-24 11:00:00,3,era5,replay,623.3,509.29,669.52,673.0,-49.7,49.7,0
2026-08-24 09:00:00,2026-08-24 10:00:00,1,analysis,replay,456.3,423.79,480.03,484.0,-27.7,27.7,0
2026-08-24 09:00:00,2026-08-24 10:00:00,1,era5,replay,456.3,423.79,480.03,454.0,2.3,2.3,1
2026-08-24 09:00:00,2026-08-24 11:00:00,2,analysis,replay,642.37,572.28,680.91,683.0,-40.63,40.63,0
2026-08-24 09:00:00,2026-08-24 11:00:00,2,era5,replay,642.37,572.28,680.91,673.0,-30.63,30.63,1
2026-08-24 09:00:00,2026-08-24 12:00:00,3,analysis,replay,777.76,669.57,828.59,816.0,-38.24,38.24,1
2026-08-24 09:00:00,2026-08-24 12:00:00,3,era5,replay,777.76,669.57,828.59,815.0,-37.24,37.24,1
2026-08-24 10:00:00,2026-08-24 11:00:00,1,analysis,replay,651.04,616.98,670.77,683.0,-31.96,31.96,0
2026-08-24 10:00:00,2026-08-24 11:00:00,1,era5,replay,651.04,616.98,670.77,673.0,-21.96,21.96,0
2026-08-24 10:00:00,2026-08-24 12:00:00,2,analysis,replay,794.16,721.21,826.1,816.0,-21.84,21.84,1
2026-08-24 10:00:00,2026-08-24 12:00:00,2,era5,replay,794.16,721.21,826.1,815.0,-20.84,20.84,1
2026-08-24 10:00:00,2026-08-24 13:00:00,3,analysis,replay,861.41,720.19,907.44,948.0,-86.59,86.59,0
2026-08-24 10:00:00,2026-08-24 13:00:00,3,era5,replay,861.41,720.19,907.44,887.0,-25.59,25.59,1
2026-08-24 11:00:00,2026-08-24 12:00:00,1,analysis,replay,803.38,789.23,831.01,816.0,-12.62,12.62,1
2026-08-24 11:00:00,2026-08-24 12:00:00,1,era5,replay,803.38,789.23,831.01,815.0,-11.62,11.62,1
2026-08-24 11:00:00,2026-08-24 13:00:00,2,analysis,replay,886.02,828.17,919.07,948.0,-61.98,61.98,0
2026-08-24 11:00:00,2026-08-24 13:00:00,2,era5,replay,886.02,828.17,919.07,887.0,-0.98,0.98,1
2026-08-24 11:00:00,2026-08-24 14:00:00,3,analysis,replay,886.44,779.17,924.06,976.0,-89.56,89.56,0
2026-08-24 11:00:00,2026-08-24 14:00:00,3,era5,replay,886.44,779.17,924.06,846.0,40.44,40.44,1
2026-08-24 12:00:00,2026-08-24 13:00:00,1,analysis,replay,894.5,861.88,920.16,948.0,-53.5,53.5,0
2026-08-24 12:00:00,2026-08-24 13:00:00,1,era5,replay,894.5,861.88,920.16,887.0,7.5,7.5,1
2026-08-24 12:00:00,2026-08-24 14:00:00,2,analysis,replay,884.59,813.4,928.72,976.0,-91.41,91.41,0
2026-08-24 12:00:00,2026-08-24 14:00:00,2,era5,replay,884.59,813.4,928.72,846.0,38.59,38.59,1
2026-08-24 12:00:00,2026-08-24 15:00:00,3,analysis,replay,811.54,718.72,861.03,914.0,-102.46,102.46,0
2026-08-24 12:00:00,2026-08-24 15:00:00,3,era5,replay,811.54,718.72,861.03,817.0,-5.46,5.46,1
2026-08-24 13:00:00,2026-08-24 14:00:00,1,analysis,replay,896.64,848.25,919.7,976.0,-79.36,79.36,0
2026-08-24 13:00:00,2026-08-24 14:00:00,1,era5,replay,896.64,848.25,919.7,846.0,50.64,50.64,0
2026-08-24 13:00:00,2026-08-24 15:00:00,2,analysis,replay,819.68,760.7,864.42,914.0,-94.32,94.32,0
2026-08-24 13:00:00,2026-08-24 15:00:00,2,era5,replay,819.68,760.7,864.42,817.0,2.68,2.68,1
2026-08-24 13:00:00,2026-08-24 16:00:00,3,analysis,replay,691.74,625.2,729.87,778.0,-86.26,86.26,0
2026-08-24 13:00:00,2026-08-24 16:00:00,3,era5,replay,691.74,625.2,729.87,701.0,-9.26,9.26,1
2026-08-24 14:00:00,2026-08-24 15:00:00,1,analysis,replay,798.28,762.32,836.65,914.0,-115.72,115.72,0
2026-08-24 14:00:00,2026-08-24 15:00:00,1,era5,replay,798.28,762.32,836.65,817.0,-18.72,18.72,1
2026-08-24 14:00:00,2026-08-24 16:00:00,2,analysis,replay,685.14,630.48,719.22,778.0,-92.86,92.86,0
2026-08-24 14:00:00,2026-08-24 16:00:00,2,era5,replay,685.14,630.48,719.22,701.0,-15.86,15.86,1
2026-08-24 14:00:00,2026-08-24 17:00:00,3,analysis,replay,512.42,460.2,538.86,584.0,-71.58,71.58,0
2026-08-24 14:00:00,2026-08-24 17:00:00,3,era5,replay,512.42,460.2,538.86,502.0,10.42,10.42,1
2026-08-25 08:00:00,2026-08-25 09:00:00,1,analysis,replay,221.06,178.48,247.28,226.0,-4.94,4.94,1
2026-08-25 08:00:00,2026-08-25 09:00:00,1,era5,replay,221.06,178.48,247.28,207.0,14.06,14.06,1
2026-08-25 08:00:00,2026-08-25 10:00:00,2,analysis,replay,427.9,320.77,475.83,448.0,-20.1,20.1,1
2026-08-25 08:00:00,2026-08-25 10:00:00,2,era5,replay,427.9,320.77,475.83,420.0,7.9,7.9,1
2026-08-25 08:00:00,2026-08-25 11:00:00,3,analysis,replay,609.19,483.9,662.74,647.0,-37.81,37.81,1
2026-08-25 08:00:00,2026-08-25 11:00:00,3,era5,replay,609.19,483.9,662.74,621.0,-11.81,11.81,1
2026-08-25 09:00:00,2026-08-25 10:00:00,1,analysis,replay,429.88,372.7,461.23,448.0,-18.12,18.12,1
2026-08-25 09:00:00,2026-08-25 10:00:00,1,era5,replay,429.88,372.7,461.23,420.0,9.88,9.88,1
2026-08-25 09:00:00,2026-08-25 11:00:00,2,analysis,replay,613.44,508.52,666.21,647.0,-33.56,33.56,1
2026-08-25 09:00:00,2026-08-25 11:00:00,2,era5,replay,613.44,508.52,666.21,621.0,-7.56,7.56,1
2026-08-25 09:00:00,2026-08-25 12:00:00,3,analysis,replay,746.85,596.23,812.56,808.0,-61.15,61.15,1
2026-08-25 09:00:00,2026-08-25 12:00:00,3,era5,replay,746.85,596.23,812.56,721.0,25.85,25.85,1
2026-08-25 10:00:00,2026-08-25 11:00:00,1,analysis,replay,622.22,570.23,654.05,647.0,-24.78,24.78,1
2026-08-25 10:00:00,2026-08-25 11:00:00,1,era5,replay,622.22,570.23,654.05,621.0,1.22,1.22,1
2026-08-25 10:00:00,2026-08-25 12:00:00,2,analysis,replay,755.84,641.71,804.55,808.0,-52.16,52.16,0
2026-08-25 10:00:00,2026-08-25 12:00:00,2,era5,replay,755.84,641.71,804.55,721.0,34.84,34.84,1
2026-08-25 10:00:00,2026-08-25 13:00:00,3,analysis,replay,809.42,637.25,876.2,934.0,-124.58,124.58,0
2026-08-25 10:00:00,2026-08-25 13:00:00,3,era5,replay,809.42,637.25,876.2,826.0,-16.58,16.58,1
2026-08-25 11:00:00,2026-08-25 12:00:00,1,analysis,replay,761.4,686.74,811.85,808.0,-46.6,46.6,1
2026-08-25 11:00:00,2026-08-25 12:00:00,1,era5,replay,761.4,686.74,811.85,721.0,40.4,40.4,1
2026-08-25 11:00:00,2026-08-25 13:00:00,2,analysis,replay,839.53,709.18,897.18,934.0,-94.47,94.47,0
2026-08-25 11:00:00,2026-08-25 13:00:00,2,era5,replay,839.53,709.18,897.18,826.0,13.53,13.53,1
2026-08-25 11:00:00,2026-08-25 14:00:00,3,analysis,replay,839.14,662.69,903.0,932.0,-92.86,92.86,0
2026-08-25 11:00:00,2026-08-25 14:00:00,3,era5,replay,839.14,662.69,903.0,776.0,63.14,63.14,1
2026-08-25 12:00:00,2026-08-25 13:00:00,1,analysis,replay,795.07,695.77,860.38,934.0,-138.93,138.93,0
2026-08-25 12:00:00,2026-08-25 13:00:00,1,era5,replay,795.07,695.77,860.38,826.0,-30.93,30.93,1
2026-08-25 12:00:00,2026-08-25 14:00:00,2,analysis,replay,775.43,595.2,872.31,932.0,-156.57,156.57,0
2026-08-25 12:00:00,2026-08-25 14:00:00,2,era5,replay,775.43,595.2,872.31,776.0,-0.57,0.57,1
2026-08-25 12:00:00,2026-08-25 15:00:00,3,analysis,replay,726.89,547.05,813.99,906.0,-179.11,179.11,0
2026-08-25 12:00:00,2026-08-25 15:00:00,3,era5,replay,726.89,547.05,813.99,769.0,-42.11,42.11,1
2026-08-25 13:00:00,2026-08-25 14:00:00,1,analysis,replay,779.04,697.62,837.73,932.0,-152.96,152.96,0
2026-08-25 13:00:00,2026-08-25 14:00:00,1,era5,replay,779.04,697.62,837.73,776.0,3.04,3.04,1
2026-08-25 13:00:00,2026-08-25 15:00:00,2,analysis,replay,736.73,588.67,811.9,906.0,-169.27,169.27,0
2026-08-25 13:00:00,2026-08-25 15:00:00,2,era5,replay,736.73,588.67,811.9,769.0,-32.27,32.27,1
2026-08-25 13:00:00,2026-08-25 16:00:00,3,analysis,replay,624.72,495.16,692.54,730.0,-105.28,105.28,0
2026-08-25 13:00:00,2026-08-25 16:00:00,3,era5,replay,624.72,495.16,692.54,635.0,-10.28,10.28,1
2026-08-25 14:00:00,2026-08-25 15:00:00,1,analysis,replay,731.12,673.24,793.31,906.0,-174.88,174.88,0
2026-08-25 14:00:00,2026-08-25 15:00:00,1,era5,replay,731.12,673.24,793.31,769.0,-37.88,37.88,1
2026-08-25 14:00:00,2026-08-25 16:00:00,2,analysis,replay,618.72,505.4,676.93,730.0,-111.28,111.28,0
2026-08-25 14:00:00,2026-08-25 16:00:00,2,era5,replay,618.72,505.4,676.93,635.0,-16.28,16.28,1
2026-08-25 14:00:00,2026-08-25 17:00:00,3,analysis,replay,465.76,379.63,508.76,547.0,-81.24,81.24,0
2026-08-25 14:00:00,2026-08-25 17:00:00,3,era5,replay,465.76,379.63,508.76,504.0,-38.24,38.24,1
2026-08-26 08:00:00,2026-08-26 09:00:00,1,analysis,replay,229.73,164.38,262.24,285.0,-55.27,55.27,0
2026-08-26 08:00:00,2026-08-26 09:00:00,1,era5,replay,229.73,164.38,262.24,153.0,76.73,76.73,0
2026-08-26 08:00:00,2026-08-26 10:00:00,2,analysis,replay,448.56,352.07,496.84,527.0,-78.44,78.44,0
2026-08-26 08:00:00,2026-08-26 10:00:00,2,era5,replay,448.56,352.07,496.84,435.0,13.56,13.56,1
2026-08-26 08:00:00,2026-08-26 11:00:00,3,analysis,replay,641.07,526.3,687.36,729.0,-87.93,87.93,0
2026-08-26 08:00:00,2026-08-26 11:00:00,3,era5,replay,641.07,526.3,687.36,633.0,8.07,8.07,1
2026-08-26 09:00:00,2026-08-26 10:00:00,1,analysis,replay,383.66,342.68,432.18,527.0,-143.34,143.34,0
2026-08-26 09:00:00,2026-08-26 10:00:00,1,era5,replay,383.66,342.68,432.18,435.0,-51.34,51.34,0
2026-08-26 09:00:00,2026-08-26 11:00:00,2,analysis,replay,567.96,398.98,640.27,729.0,-161.04,161.04,0
2026-08-26 09:00:00,2026-08-26 11:00:00,2,era5,replay,567.96,398.98,640.27,633.0,-65.04,65.04,1
2026-08-26 09:00:00,2026-08-26 12:00:00,3,analysis,replay,698.39,509.18,794.07,866.0,-167.61,167.61,0
2026-08-26 09:00:00,2026-08-26 12:00:00,3,era5,replay,698.39,509.18,794.07,638.0,60.39,60.39,1
2026-08-26 10:00:00,2026-08-26 11:00:00,1,analysis,replay,634.93,582.02,659.78,729.0,-94.07,94.07,0
2026-08-26 10:00:00,2026-08-26 11:00:00,1,era5,replay,634.93,582.02,659.78,633.0,1.93,1.93,1
2026-08-26 10:00:00,2026-08-26 12:00:00,2,analysis,replay,768.86,649.7,814.96,866.0,-97.14,97.14,0
2026-08-26 10:00:00,2026-08-26 12:00:00,2,era5,replay,768.86,649.7,814.96,638.0,130.86,130.86,0
2026-08-26 10:00:00,2026-08-26 13:00:00,3,analysis,replay,801.2,620.81,882.81,949.0,-147.8,147.8,0
2026-08-26 10:00:00,2026-08-26 13:00:00,3,era5,replay,801.2,620.81,882.81,839.0,-37.8,37.8,1
2026-08-26 11:00:00,2026-08-26 12:00:00,1,analysis,replay,759.55,669.95,808.08,866.0,-106.45,106.45,0
2026-08-26 11:00:00,2026-08-26 12:00:00,1,era5,replay,759.55,669.95,808.08,638.0,121.55,121.55,0
2026-08-26 11:00:00,2026-08-26 13:00:00,2,analysis,replay,802.71,626.37,886.29,949.0,-146.29,146.29,0
2026-08-26 11:00:00,2026-08-26 13:00:00,2,era5,replay,802.71,626.37,886.29,839.0,-36.29,36.29,1
2026-08-26 11:00:00,2026-08-26 14:00:00,3,analysis,replay,781.68,560.81,880.95,971.0,-189.32,189.32,0
2026-08-26 11:00:00,2026-08-26 14:00:00,3,era5,replay,781.68,560.81,880.95,815.0,-33.32,33.32,1
2026-08-26 12:00:00,2026-08-26 13:00:00,1,analysis,replay,775.0,698.81,832.1,949.0,-174.0,174.0,0
2026-08-26 12:00:00,2026-08-26 13:00:00,1,era5,replay,775.0,698.81,832.1,839.0,-64.0,64.0,0
2026-08-26 12:00:00,2026-08-26 14:00:00,2,analysis,replay,705.4,554.58,842.05,971.0,-265.6,265.6,0
2026-08-26 12:00:00,2026-08-26 14:00:00,2,era5,replay,705.4,554.58,842.05,815.0,-109.6,109.6,1
2026-08-26 12:00:00,2026-08-26 15:00:00,3,analysis,replay,696.58,575.19,771.62,906.0,-209.42,209.42,0
2026-08-26 12:00:00,2026-08-26 15:00:00,3,era5,replay,696.58,575.19,771.62,688.0,8.58,8.58,1
2026-08-26 13:00:00,2026-08-26 14:00:00,1,analysis,replay,791.76,702.29,871.58,971.0,-179.24,179.24,0
2026-08-26 13:00:00,2026-08-26 14:00:00,1,era5,replay,791.76,702.29,871.58,815.0,-23.24,23.24,1
2026-08-26 13:00:00,2026-08-26 15:00:00,2,analysis,replay,748.94,624.84,824.78,906.0,-157.06,157.06,0
2026-08-26 13:00:00,2026-08-26 15:00:00,2,era5,replay,748.94,624.84,824.78,688.0,60.94,60.94,1
2026-08-26 13:00:00,2026-08-26 16:00:00,3,analysis,replay,635.85,512.68,696.17,756.0,-120.15,120.15,0
2026-08-26 13:00:00,2026-08-26 16:00:00,3,era5,replay,635.85,512.68,696.17,450.0,185.85,185.85,0
2026-08-26 14:00:00,2026-08-26 15:00:00,1,analysis,replay,667.81,530.45,779.22,906.0,-238.19,238.19,0
2026-08-26 14:00:00,2026-08-26 15:00:00,1,era5,replay,667.81,530.45,779.22,688.0,-20.19,20.19,1
2026-08-26 14:00:00,2026-08-26 16:00:00,2,analysis,replay,571.24,438.19,683.89,756.0,-184.76,184.76,0
2026-08-26 14:00:00,2026-08-26 16:00:00,2,era5,replay,571.24,438.19,683.89,450.0,121.24,121.24,1
2026-08-26 14:00:00,2026-08-26 17:00:00,3,analysis,replay,452.22,342.53,508.01,443.0,9.22,9.22,1
2026-08-26 14:00:00,2026-08-26 17:00:00,3,era5,replay,452.22,342.53,508.01,312.0,140.22,140.22,0
2026-08-27 08:00:00,2026-08-27 09:00:00,1,analysis,replay,225.24,170.28,260.28,284.0,-58.76,58.76,0
2026-08-27 08:00:00,2026-08-27 09:00:00,1,era5,replay,225.24,170.28,260.28,157.0,68.24,68.24,0
2026-08-27 08:00:00,2026-08-27 10:00:00,2,analysis,replay,456.52,376.71,500.28,527.0,-70.48,70.48,0
2026-08-27 08:00:00,2026-08-27 10:00:00,2,era5,replay,456.52,376.71,500.28,425.0,31.52,31.52,1
2026-08-27 08:00:00,2026-08-27 11:00:00,3,analysis,replay,647.46,556.84,689.21,734.0,-86.54,86.54,0
2026-08-27 08:00:00,2026-08-27 11:00:00,3,era5,replay,647.46,556.84,689.21,660.0,-12.54,12.54,1
2026-08-27 09:00:00,2026-08-27 10:00:00,1,analysis,replay,388.12,346.08,426.47,527.0,-138.88,138.88,0
2026-08-27 09:00:00,2026-08-27 10:00:00,1,era5,replay,388.12,346.08,426.47,425.0,-36.88,36.88,1
2026-08-27 09:00:00,2026-08-27 11:00:00,2,analysis,replay,581.67,414.17,645.66,734.0,-152.33,152.33,0
2026-08-27 09:00:00,2026-08-27 11:00:00,2,era5,replay,581.67,414.17,645.66,660.0,-78.33,78.33,0
2026-08-27 09:00:00,2026-08-27 12:00:00,3,analysis,replay,706.45,532.52,796.44,885.0,-178.55,178.55,0
2026-08-27 09:00:00,2026-08-27 12:00:00,3,era5,replay,706.45,532.52,796.44,813.0,-106.55,106.55,0
2026-08-27 10:00:00,2026-08-27 11:00:00,1,analysis,replay,599.69,539.2,649.25,734.0,-134.31,134.31,0
2026-08-27 10:00:00,2026-08-27 11:00:00,1,era5,replay,599.69,539.2,649.25,660.0,-60.31,60.31,0
2026-08-27 10:00:00,2026-08-27 12:00:00,2,analysis,replay,753.44,650.99,805.93,885.0,-131.56,131.56,0
2026-08-27 10:00:00,2026-08-27 12:00:00,2,era5,replay,753.44,650.99,805.93,813.0,-59.56,59.56,0
2026-08-27 10:00:00,2026-08-27 13:00:00,3,analysis,replay,824.93,696.1,887.99,969.0,-144.07,144.07,0
2026-08-27 10:00:00,2026-08-27 13:00:00,3,era5,replay,824.93,696.1,887.99,894.0,-69.07,69.07,0
2026-08-27 11:00:00,2026-08-27 12:00:00,1,analysis,replay,820.74,807.89,830.47,885.0,-64.26,64.26,0
2026-08-27 11:00:00,2026-08-27 12:00:00,1,era5,replay,820.74,807.89,830.47,813.0,7.74,7.74,1
2026-08-27 11:00:00,2026-08-27 13:00:00,2,analysis,replay,896.01,862.07,923.8,969.0,-72.99,72.99,0
2026-08-27 11:00:00,2026-08-27 13:00:00,2,era5,replay,896.01,862.07,923.8,894.0,2.01,2.01,1
2026-08-27 11:00:00,2026-08-27 14:00:00,3,analysis,replay,893.21,850.81,922.36,976.0,-82.79,82.79,0
2026-08-27 11:00:00,2026-08-27 14:00:00,3,era5,replay,893.21,850.81,922.36,892.0,1.21,1.21,1
2026-08-27 12:00:00,2026-08-27 13:00:00,1,analysis,replay,878.22,842.21,903.11,969.0,-90.78,90.78,0
2026-08-27 12:00:00,2026-08-27 13:00:00,1,era5,replay,878.22,842.21,903.11,894.0,-15.78,15.78,1
2026-08-27 12:00:00,2026-08-27 14:00:00,2,analysis,replay,884.97,810.61,930.73,976.0,-91.03,91.03,0
2026-08-27 12:00:00,2026-08-27 14:00:00,2,era5,replay,884.97,810.61,930.73,892.0,-7.03,7.03,1
2026-08-27 12:00:00,2026-08-27 15:00:00,3,analysis,replay,819.02,728.39,864.42,909.0,-89.98,89.98,0
2026-08-27 12:00:00,2026-08-27 15:00:00,3,era5,replay,819.02,728.39,864.42,822.0,-2.98,2.98,1
2026-08-27 13:00:00,2026-08-27 14:00:00,1,analysis,replay,836.77,780.22,885.65,976.0,-139.23,139.23,0
2026-08-27 13:00:00,2026-08-27 14:00:00,1,era5,replay,836.77,780.22,885.65,892.0,-55.23,55.23,0
2026-08-27 13:00:00,2026-08-27 15:00:00,2,analysis,replay,774.99,671.66,841.45,909.0,-134.01,134.01,0
2026-08-27 13:00:00,2026-08-27 15:00:00,2,era5,replay,774.99,671.66,841.45,822.0,-47.01,47.01,1
2026-08-27 13:00:00,2026-08-27 16:00:00,3,analysis,replay,669.36,590.37,710.02,773.0,-103.64,103.64,0
2026-08-27 13:00:00,2026-08-27 16:00:00,3,era5,replay,669.36,590.37,710.02,690.0,-20.64,20.64,1
2026-08-27 14:00:00,2026-08-27 15:00:00,1,analysis,replay,742.11,658.62,801.62,909.0,-166.89,166.89,0
2026-08-27 14:00:00,2026-08-27 15:00:00,1,era5,replay,742.11,658.62,801.62,822.0,-79.89,79.89,0
2026-08-27 14:00:00,2026-08-27 16:00:00,2,analysis,replay,600.56,519.73,683.0,773.0,-172.44,172.44,0
2026-08-27 14:00:00,2026-08-27 16:00:00,2,era5,replay,600.56,519.73,683.0,690.0,-89.44,89.44,0
2026-08-27 14:00:00,2026-08-27 17:00:00,3,analysis,replay,462.87,396.23,507.88,575.0,-112.13,112.13,0
2026-08-27 14:00:00,2026-08-27 17:00:00,3,era5,replay,462.87,396.23,507.88,510.0,-47.13,47.13,0
2026-08-28 08:00:00,2026-08-28 09:00:00,1,analysis,replay,235.75,206.6,255.75,293.0,-57.25,57.25,0
2026-08-28 08:00:00,2026-08-28 09:00:00,1,era5,replay,235.75,206.6,255.75,213.0,22.75,22.75,1
2026-08-28 08:00:00,2026-08-28 10:00:00,2,analysis,replay,449.75,391.66,491.62,530.0,-80.25,80.25,0
2026-08-28 08:00:00,2026-08-28 10:00:00,2,era5,replay,449.75,391.66,491.62,384.0,65.75,65.75,0
2026-08-28 08:00:00,2026-08-28 11:00:00,3,analysis,replay,631.05,539.09,675.77,736.0,-104.95,104.95,0
2026-08-28 08:00:00,2026-08-28 11:00:00,3,era5,replay,631.05,539.09,675.77,524.0,107.05,107.05,0
2026-08-28 09:00:00,2026-08-28 10:00:00,1,analysis,replay,436.3,400.55,461.62,530.0,-93.7,93.7,0
2026-08-28 09:00:00,2026-08-28 10:00:00,1,era5,replay,436.3,400.55,461.62,384.0,52.3,52.3,0
2026-08-28 09:00:00,2026-08-28 11:00:00,2,analysis,replay,621.8,543.4,662.17,736.0,-114.2,114.2,0
2026-08-28 09:00:00,2026-08-28 11:00:00,2,era5,replay,621.8,543.4,662.17,524.0,97.8,97.8,0
2026-08-28 09:00:00,2026-08-28 12:00:00,3,analysis,replay,734.99,582.17,801.9,886.0,-151.01,151.01,0
2026-08-28 09:00:00,2026-08-28 12:00:00,3,era5,replay,734.99,582.17,801.9,687.0,47.99,47.99,1
2026-08-28 10:00:00,2026-08-28 11:00:00,1,analysis,replay,613.49,561.55,650.7,736.0,-122.51,122.51,0
2026-08-28 10:00:00,2026-08-28 11:00:00,1,era5,replay,613.49,561.55,650.7,524.0,89.49,89.49,0
2026-08-28 10:00:00,2026-08-28 12:00:00,2,analysis,replay,735.52,621.24,801.39,886.0,-150.48,150.48,0
2026-08-28 10:00:00,2026-08-28 12:00:00,2,era5,replay,735.52,621.24,801.39,687.0,48.52,48.52,1
2026-08-28 10:00:00,2026-08-28 13:00:00,3,analysis,replay,790.46,622.34,870.27,958.0,-167.54,167.54,0
2026-08-28 10:00:00,2026-08-28 13:00:00,3,era5,replay,790.46,622.34,870.27,854.0,-63.54,63.54,1
2026-08-28 11:00:00,2026-08-28 12:00:00,1,analysis,replay,678.93,590.32,751.54,886.0,-207.07,207.07,0
2026-08-28 11:00:00,2026-08-28 12:00:00,1,era5,replay,678.93,590.32,751.54,687.0,-8.07,8.07,1
2026-08-28 11:00:00,2026-08-28 13:00:00,2,analysis,replay,766.6,602.93,856.13,958.0,-191.4,191.4,0
2026-08-28 11:00:00,2026-08-28 13:00:00,2,era5,replay,766.6,602.93,856.13,854.0,-87.4,87.4,1
2026-08-28 11:00:00,2026-08-28 14:00:00,3,analysis,replay,749.86,545.74,867.93,892.0,-142.14,142.14,0
2026-08-28 11:00:00,2026-08-28 14:00:00,3,era5,replay,749.86,545.74,867.93,806.0,-56.14,56.14,1
2026-08-28 12:00:00,2026-08-28 13:00:00,1,analysis,replay,784.58,733.03,847.13,958.0,-173.42,173.42,0
2026-08-28 12:00:00,2026-08-28 13:00:00,1,era5,replay,784.58,733.03,847.13,854.0,-69.42,69.42,0
2026-08-28 12:00:00,2026-08-28 14:00:00,2,analysis,replay,724.94,582.91,839.91,892.0,-167.06,167.06,0
2026-08-28 12:00:00,2026-08-28 14:00:00,2,era5,replay,724.94,582.91,839.91,806.0,-81.06,81.06,1
2026-08-28 12:00:00,2026-08-28 15:00:00,3,analysis,replay,660.22,513.05,771.32,827.0,-166.78,166.78,0
2026-08-28 12:00:00,2026-08-28 15:00:00,3,era5,replay,660.22,513.05,771.32,686.0,-25.78,25.78,1
2026-08-28 13:00:00,2026-08-28 14:00:00,1,analysis,replay,821.05,744.71,865.92,892.0,-70.95,70.95,0
2026-08-28 13:00:00,2026-08-28 14:00:00,1,era5,replay,821.05,744.71,865.92,806.0,15.05,15.05,1
2026-08-28 13:00:00,2026-08-28 15:00:00,2,analysis,replay,741.88,625.88,810.28,827.0,-85.12,85.12,0
2026-08-28 13:00:00,2026-08-28 15:00:00,2,era5,replay,741.88,625.88,810.28,686.0,55.88,55.88,1
2026-08-28 13:00:00,2026-08-28 16:00:00,3,analysis,replay,607.15,480.35,675.12,723.0,-115.85,115.85,0
2026-08-28 13:00:00,2026-08-28 16:00:00,3,era5,replay,607.15,480.35,675.12,638.0,-30.85,30.85,1
2026-08-28 14:00:00,2026-08-28 15:00:00,1,analysis,replay,776.83,689.3,825.08,827.0,-50.17,50.17,0
2026-08-28 14:00:00,2026-08-28 15:00:00,1,era5,replay,776.83,689.3,825.08,686.0,90.83,90.83,0
2026-08-28 14:00:00,2026-08-28 16:00:00,2,analysis,replay,656.44,561.13,706.84,723.0,-66.56,66.56,0
2026-08-28 14:00:00,2026-08-28 16:00:00,2,era5,replay,656.44,561.13,706.84,638.0,18.44,18.44,1
2026-08-28 14:00:00,2026-08-28 17:00:00,3,analysis,replay,491.47,422.51,522.63,570.0,-78.53,78.53,0
2026-08-28 14:00:00,2026-08-28 17:00:00,3,era5,replay,491.47,422.51,522.63,483.0,8.47,8.47,1
2026-08-29 08:00:00,2026-08-29 09:00:00,1,analysis,replay,238.37,207.18,258.77,294.0,-55.63,55.63,0
2026-08-29 08:00:00,2026-08-29 09:00:00,1,era5,replay,238.37,207.18,258.77,212.0,26.37,26.37,1
2026-08-29 08:00:00,2026-08-29 10:00:00,2,analysis,replay,457.02,406.76,496.81,532.0,-74.98,74.98,0
2026-08-29 08:00:00,2026-08-29 10:00:00,2,era5,replay,457.02,406.76,496.81,434.0,23.02,23.02,1
2026-08-29 08:00:00,2026-08-29 11:00:00,3,analysis,replay,651.35,591.67,687.42,738.0,-86.65,86.65,0
2026-08-29 08:00:00,2026-08-29 11:00:00,3,era5,replay,651.35,591.67,687.42,657.0,-5.65,5.65,1
2026-08-29 09:00:00,2026-08-29 10:00:00,1,analysis,replay,443.79,408.02,468.28,532.0,-88.21,88.21,0
2026-08-29 09:00:00,2026-08-29 10:00:00,1,era5,replay,443.79,408.02,468.28,434.0,9.79,9.79,1
2026-08-29 09:00:00,2026-08-29 11:00:00,2,analysis,replay,637.78,576.68,672.93,738.0,-100.22,100.22,0
2026-08-29 09:00:00,2026-08-29 11:00:00,2,era5,replay,637.78,576.68,672.93,657.0,-19.22,19.22,1
2026-08-29 09:00:00,2026-08-29 12:00:00,3,analysis,replay,766.3,662.28,820.67,847.0,-80.7,80.7,0
2026-08-29 09:00:00,2026-08-29 12:00:00,3,era5,replay,766.3,662.28,820.67,789.0,-22.7,22.7,1
2026-08-29 10:00:00,2026-08-29 11:00:00,1,analysis,replay,641.21,605.08,667.16,738.0,-96.79,96.79,0
2026-08-29 10:00:00,2026-08-29 11:00:00,1,era5,replay,641.21,605.08,667.16,657.0,-15.79,15.79,1
2026-08-29 10:00:00,2026-08-29 12:00:00,2,analysis,replay,784.55,704.4,826.42,847.0,-62.45,62.45,0
2026-08-29 10:00:00,2026-08-29 12:00:00,2,era5,replay,784.55,704.4,826.42,789.0,-4.45,4.45,1
2026-08-29 10:00:00,2026-08-29 13:00:00,3,analysis,replay,857.4,725.26,905.89,857.0,0.4,0.4,1
2026-08-29 10:00:00,2026-08-29 13:00:00,3,era5,replay,857.4,725.26,905.89,856.0,1.4,1.4,1
2026-08-29 11:00:00,2026-08-29 12:00:00,1,analysis,replay,787.03,755.5,810.18,847.0,-59.97,59.97,0
2026-08-29 11:00:00,2026-08-29 12:00:00,1,era5,replay,787.03,755.5,810.18,789.0,-1.97,1.97,1
2026-08-29 11:00:00,2026-08-29 13:00:00,2,analysis,replay,848.23,759.37,898.17,857.0,-8.77,8.77,1
2026-08-29 11:00:00,2026-08-29 13:00:00,2,era5,replay,848.23,759.37,898.17,856.0,-7.77,7.77,1
2026-08-29 11:00:00,2026-08-29 14:00:00,3,analysis,replay,809.04,660.63,893.96,874.0,-64.96,64.96,1
2026-08-29 11:00:00,2026-08-29 14:00:00,3,era5,replay,809.04,660.63,893.96,866.0,-56.96,56.96,1
2026-08-29 12:00:00,2026-08-29 13:00:00,1,analysis,replay,864.49,810.81,891.15,857.0,7.49,7.49,1
2026-08-29 12:00:00,2026-08-29 13:00:00,1,era5,replay,864.49,810.81,891.15,856.0,8.49,8.49,1
2026-08-29 12:00:00,2026-08-29 14:00:00,2,analysis,replay,848.71,747.85,910.71,874.0,-25.29,25.29,1
2026-08-29 12:00:00,2026-08-29 14:00:00,2,era5,replay,848.71,747.85,910.71,866.0,-17.29,17.29,1
2026-08-29 12:00:00,2026-08-29 15:00:00,3,analysis,replay,747.72,612.03,831.42,904.0,-156.28,156.28,0
2026-08-29 12:00:00,2026-08-29 15:00:00,3,era5,replay,747.72,612.03,831.42,793.0,-45.28,45.28,1
2026-08-29 13:00:00,2026-08-29 14:00:00,1,analysis,replay,877.65,810.85,910.69,874.0,3.65,3.65,1
2026-08-29 13:00:00,2026-08-29 14:00:00,1,era5,replay,877.65,810.85,910.69,866.0,11.65,11.65,1
2026-08-29 13:00:00,2026-08-29 15:00:00,2,analysis,replay,774.72,675.35,842.09,904.0,-129.28,129.28,0
2026-08-29 13:00:00,2026-08-29 15:00:00,2,era5,replay,774.72,675.35,842.09,793.0,-18.28,18.28,1
2026-08-29 13:00:00,2026-08-29 16:00:00,3,analysis,replay,640.78,540.33,699.69,761.0,-120.22,120.22,0
2026-08-29 13:00:00,2026-08-29 16:00:00,3,era5,replay,640.78,540.33,699.69,680.0,-39.22,39.22,1
2026-08-29 14:00:00,2026-08-29 15:00:00,1,analysis,replay,812.22,768.07,843.82,904.0,-91.78,91.78,0
2026-08-29 14:00:00,2026-08-29 15:00:00,1,era5,replay,812.22,768.07,843.82,793.0,19.22,19.22,1
2026-08-29 14:00:00,2026-08-29 16:00:00,2,analysis,replay,669.18,598.56,712.41,761.0,-91.82,91.82,0
2026-08-29 14:00:00,2026-08-29 16:00:00,2,era5,replay,669.18,598.56,712.41,680.0,-10.82,10.82,1
2026-08-29 14:00:00,2026-08-29 17:00:00,3,analysis,replay,482.65,426.14,518.13,577.0,-94.35,94.35,0
2026-08-29 14:00:00,2026-08-29 17:00:00,3,era5,replay,482.65,426.14,518.13,492.0,-9.35,9.35,1
2026-08-30 08:00:00,2026-08-30 09:00:00,1,analysis,replay,183.93,115.1,221.41,250.0,-66.07,66.07,0
2026-08-30 08:00:00,2026-08-30 09:00:00,1,era5,replay,183.93,115.1,221.41,62.0,121.93,121.93,0
2026-08-30 08:00:00,2026-08-30 10:00:00,2,analysis,replay,373.47,248.9,447.73,484.0,-110.53,110.53,0
2026-08-30 08:00:00,2026-08-30 10:00:00,2,era5,replay,373.47,248.9,447.73,183.0,190.47,190.47,0
2026-08-30 08:00:00,2026-08-30 11:00:00,3,analysis,replay,560.84,373.12,655.11,701.0,-140.16,140.16,0
2026-08-30 08:00:00,2026-08-30 11:00:00,3,era5,replay,560.84,373.12,655.11,500.0,60.84,60.84,1
2026-08-30 09:00:00,2026-08-30 10:00:00,1,analysis,replay,253.7,170.61,370.34,484.0,-230.3,230.3,0
2026-08-30 09:00:00,2026-08-30 10:00:00,1,era5,replay,253.7,170.61,370.34,183.0,70.7,70.7,1
2026-08-30 09:00:00,2026-08-30 11:00:00,2,analysis,replay,460.37,279.1,608.35,701.0,-240.63,240.63,0
2026-08-30 09:00:00,2026-08-30 11:00:00,2,era5,replay,460.37,279.1,608.35,500.0,-39.63,39.63,1
2026-08-30 09:00:00,2026-08-30 12:00:00,3,analysis,replay,591.51,362.2,761.87,844.0,-252.49,252.49,0
2026-08-30 09:00:00,2026-08-30 12:00:00,3,era5,replay,591.51,362.2,761.87,507.0,84.51,84.51,1
2026-08-30 10:00:00,2026-08-30 11:00:00,1,analysis,replay,515.52,393.96,630.63,701.0,-185.48,185.48,0
2026-08-30 10:00:00,2026-08-30 11:00:00,1,era5,replay,515.52,393.96,630.63,500.0,15.52,15.52,1
2026-08-30 10:00:00,2026-08-30 12:00:00,2,analysis,replay,689.8,476.86,812.31,844.0,-154.2,154.2,0
2026-08-30 10:00:00,2026-08-30 12:00:00,2,era5,replay,689.8,476.86,812.31,507.0,182.8,182.8,1
2026-08-30 10:00:00,2026-08-30 13:00:00,3,analysis,replay,800.7,583.55,903.6,972.0,-171.3,171.3,0
2026-08-30 10:00:00,2026-08-30 13:00:00,3,era5,replay,800.7,583.55,903.6,737.0,63.7,63.7,1
2026-08-30 11:00:00,2026-08-30 12:00:00,1,analysis,replay,677.88,486.21,793.74,844.0,-166.12,166.12,0
2026-08-30 11:00:00,2026-08-30 12:00:00,1,era5,replay,677.88,486.21,793.74,507.0,170.88,170.88,1
2026-08-30 11:00:00,2026-08-30 13:00:00,2,analysis,replay,793.63,580.99,884.62,972.0,-178.37,178.37,0
2026-08-30 11:00:00,2026-08-30 13:00:00,2,era5,replay,793.63,580.99,884.62,737.0,56.63,56.63,1
2026-08-30 11:00:00,2026-08-30 14:00:00,3,analysis,replay,789.19,562.11,892.78,964.0,-174.81,174.81,0
2026-08-30 11:00:00,2026-08-30 14:00:00,3,era5,replay,789.19,562.11,892.78,858.0,-68.81,68.81,1
2026-08-30 12:00:00,2026-08-30 13:00:00,1,analysis,replay,774.7,639.52,883.65,972.0,-197.3,197.3,0
2026-08-30 12:00:00,2026-08-30 13:00:00,1,era5,replay,774.7,639.52,883.65,737.0,37.7,37.7,1
2026-08-30 12:00:00,2026-08-30 14:00:00,2,analysis,replay,774.05,587.99,891.01,964.0,-189.95,189.95,0
2026-08-30 12:00:00,2026-08-30 14:00:00,2,era5,replay,774.05,587.99,891.01,858.0,-83.95,83.95,1
2026-08-30 12:00:00,2026-08-30 15:00:00,3,analysis,replay,689.57,476.02,808.07,881.0,-191.43,191.43,0
2026-08-30 12:00:00,2026-08-30 15:00:00,3,era5,replay,689.57,476.02,808.07,742.0,-52.43,52.43,1
2026-08-30 13:00:00,2026-08-30 14:00:00,1,analysis,replay,860.39,782.63,900.86,964.0,-103.61,103.61,0
2026-08-30 13:00:00,2026-08-30 14:00:00,1,era5,replay,860.39,782.63,900.86,858.0,2.39,2.39,1
2026-08-30 13:00:00,2026-08-30 15:00:00,2,analysis,replay,755.16,633.41,830.23,881.0,-125.84,125.84,0
2026-08-30 13:00:00,2026-08-30 15:00:00,2,era5,replay,755.16,633.41,830.23,742.0,13.16,13.16,1
2026-08-30 13:00:00,2026-08-30 16:00:00,3,analysis,replay,625.36,520.27,698.99,768.0,-142.64,142.64,0
2026-08-30 13:00:00,2026-08-30 16:00:00,3,era5,replay,625.36,520.27,698.99,651.0,-25.64,25.64,1
2026-08-30 14:00:00,2026-08-30 15:00:00,1,analysis,replay,804.18,741.1,844.47,881.0,-76.82,76.82,0
2026-08-30 14:00:00,2026-08-30 15:00:00,1,era5,replay,804.18,741.1,844.47,742.0,62.18,62.18,1
2026-08-30 14:00:00,2026-08-30 16:00:00,2,analysis,replay,658.56,586.18,710.92,768.0,-109.44,109.44,0
2026-08-30 14:00:00,2026-08-30 16:00:00,2,era5,replay,658.56,586.18,710.92,651.0,7.56,7.56,1
2026-08-30 14:00:00,2026-08-30 17:00:00,3,analysis,replay,484.5,418.28,521.39,574.0,-89.5,89.5,0
2026-08-30 14:00:00,2026-08-30 17:00:00,3,era5,replay,484.5,418.28,521.39,505.0,-20.5,20.5,1
2026-08-31 08:00:00,2026-08-31 09:00:00,1,analysis,replay,149.97,86.48,239.15,235.0,-85.03,85.03,1
2026-08-31 08:00:00,2026-08-31 09:00:00,1,era5,replay,149.97,86.48,239.15,100.0,49.97,49.97,1
2026-08-31 08:00:00,2026-08-31 10:00:00,2,analysis,replay,331.7,224.97,459.21,525.0,-193.3,193.3,0
2026-08-31 08:00:00,2026-08-31 10:00:00,2,era5,replay,331.7,224.97,459.21,152.0,179.7,179.7,0
2026-08-31 08:00:00,2026-08-31 11:00:00,3,analysis,replay,570.99,419.41,654.43,743.0,-172.01,172.01,0
2026-08-31 08:00:00,2026-08-31 11:00:00,3,era5,replay,570.99,419.41,654.43,252.0,318.99,318.99,0
2026-08-31 09:00:00,2026-08-31 10:00:00,1,analysis,replay,224.73,149.02,336.17,525.0,-300.27,300.27,0
2026-08-31 09:00:00,2026-08-31 10:00:00,1,era5,replay,224.73,149.02,336.17,152.0,72.73,72.73,1
2026-08-31 09:00:00,2026-08-31 11:00:00,2,analysis,replay,490.64,277.07,622.88,743.0,-252.36,252.36,0
2026-08-31 09:00:00,2026-08-31 11:00:00,2,era5,replay,490.64,277.07,622.88,252.0,238.64,238.64,0
2026-08-31 09:00:00,2026-08-31 12:00:00,3,analysis,replay,694.59,427.91,812.48,894.0,-199.41,199.41,0
2026-08-31 09:00:00,2026-08-31 12:00:00,3,era5,replay,694.59,427.91,812.48,396.0,298.59,298.59,0
2026-08-31 10:00:00,2026-08-31 11:00:00,1,analysis,replay,389.59,254.71,544.94,743.0,-353.41,353.41,0
2026-08-31 10:00:00,2026-08-31 11:00:00,1,era5,replay,389.59,254.71,544.94,252.0,137.59,137.59,0
2026-08-31 10:00:00,2026-08-31 12:00:00,2,analysis,replay,588.16,336.82,761.56,894.0,-305.84,305.84,0
2026-08-31 10:00:00,2026-08-31 12:00:00,2,era5,replay,588.16,336.82,761.56,396.0,192.16,192.16,1
2026-08-31 10:00:00,2026-08-31 13:00:00,3,analysis,replay,757.95,470.61,886.57,977.0,-219.05,219.05,0
2026-08-31 10:00:00,2026-08-31 13:00:00,3,era5,replay,757.95,470.61,886.57,534.0,223.95,223.95,1
2026-08-31 11:00:00,2026-08-31 12:00:00,1,analysis,replay,507.36,336.9,679.41,894.0,-386.64,386.64,0
2026-08-31 11:00:00,2026-08-31 12:00:00,1,era5,replay,507.36,336.9,679.41,396.0,111.36,111.36,1
2026-08-31 11:00:00,2026-08-31 13:00:00,2,analysis,replay,700.9,459.97,876.66,977.0,-276.1,276.1,0
2026-08-31 11:00:00,2026-08-31 13:00:00,2,era5,replay,700.9,459.97,876.66,534.0,166.9,166.9,1
2026-08-31 11:00:00,2026-08-31 14:00:00,3,analysis,replay,798.37,535.16,909.89,982.0,-183.63,183.63,0
2026-08-31 11:00:00,2026-08-31 14:00:00,3,era5,replay,798.37,535.16,909.89,682.0,116.37,116.37,1
2026-08-31 12:00:00,2026-08-31 13:00:00,1,analysis,replay,750.97,595.72,861.28,977.0,-226.03,226.03,0
2026-08-31 12:00:00,2026-08-31 13:00:00,1,era5,replay,750.97,595.72,861.28,534.0,216.97,216.97,0
2026-08-31 12:00:00,2026-08-31 14:00:00,2,analysis,replay,785.21,552.2,896.75,982.0,-196.79,196.79,0
2026-08-31 12:00:00,2026-08-31 14:00:00,2,era5,replay,785.21,552.2,896.75,682.0,103.21,103.21,1
2026-08-31 12:00:00,2026-08-31 15:00:00,3,analysis,replay,728.7,530.11,829.85,914.0,-185.3,185.3,0
2026-08-31 12:00:00,2026-08-31 15:00:00,3,era5,replay,728.7,530.11,829.85,630.0,98.7,98.7,1
2026-08-31 13:00:00,2026-08-31 14:00:00,1,analysis,replay,773.29,611.49,883.91,982.0,-208.71,208.71,0
2026-08-31 13:00:00,2026-08-31 14:00:00,1,era5,replay,773.29,611.49,883.91,682.0,91.29,91.29,1
2026-08-31 13:00:00,2026-08-31 15:00:00,2,analysis,replay,720.41,537.38,832.42,914.0,-193.59,193.59,0
2026-08-31 13:00:00,2026-08-31 15:00:00,2,era5,replay,720.41,537.38,832.42,630.0,90.41,90.41,1
2026-08-31 13:00:00,2026-08-31 16:00:00,3,analysis,replay,631.66,479.69,703.81,774.0,-142.34,142.34,0
2026-08-31 13:00:00,2026-08-31 16:00:00,3,era5,replay,631.66,479.69,703.81,454.0,177.66,177.66,0
2026-08-31 14:00:00,2026-08-31 15:00:00,1,analysis,replay,676.83,496.02,795.0,914.0,-237.17,237.17,0
2026-08-31 14:00:00,2026-08-31 15:00:00,1,era5,replay,676.83,496.02,795.0,630.0,46.83,46.83,1
2026-08-31 14:00:00,2026-08-31 16:00:00,2,analysis,replay,599.91,453.34,687.72,774.0,-174.09,174.09,0
2026-08-31 14:00:00,2026-08-31 16:00:00,2,era5,replay,599.91,453.34,687.72,454.0,145.91,145.91,1
2026-08-31 14:00:00,2026-08-31 17:00:00,3,analysis,replay,454.66,330.96,512.14,561.0,-106.34,106.34,0
2026-08-31 14:00:00,2026-08-31 17:00:00,3,era5,replay,454.66,330.96,512.14,378.0,76.66,76.66,1
2026-09-01 08:00:00,2026-09-01 09:00:00,1,analysis,replay,249.33,220.11,263.76,298.0,-48.67,48.67,0
2026-09-01 08:00:00,2026-09-01 09:00:00,1,era5,replay,249.33,220.11,263.76,221.0,28.33,28.33,1
2026-09-01 08:00:00,2026-09-01 10:00:00,2,analysis,replay,461.14,414.13,499.33,538.0,-76.86,76.86,0
2026-09-01 08:00:00,2026-09-01 10:00:00,2,era5,replay,461.14,414.13,499.33,442.0,19.14,19.14,1
2026-09-01 08:00:00,2026-09-01 11:00:00,3,analysis,replay,653.25,586.25,687.91,745.0,-91.75,91.75,0
2026-09-01 08:00:00,2026-09-01 11:00:00,3,era5,replay,653.25,586.25,687.91,600.0,53.25,53.25,1
2026-09-01 09:00:00,2026-09-01 10:00:00,1,analysis,replay,452.96,410.32,472.01,538.0,-85.04,85.04,0
2026-09-01 09:00:00,2026-09-01 10:00:00,1,era5,replay,452.96,410.32,472.01,442.0,10.96,10.96,1
2026-09-01 09:00:00,2026-09-01 11:00:00,2,analysis,replay,638.46,572.29,683.25,745.0,-106.54,106.54,0
2026-09-01 09:00:00,2026-09-01 11:00:00,2,era5,replay,638.46,572.29,683.25,600.0,38.46,38.46,1
2026-09-01 09:00:00,2026-09-01 12:00:00,3,analysis,replay,756.87,632.31,820.46,891.0,-134.13,134.13,0
2026-09-01 09:00:00,2026-09-01 12:00:00,3,era5,replay,756.87,632.31,820.46,729.0,27.87,27.87,1
2026-09-01 10:00:00,2026-09-01 11:00:00,1,analysis,replay,641.37,596.26,669.54,745.0,-103.63,103.63,0
2026-09-01 10:00:00,2026-09-01 11:00:00,1,era5,replay,641.37,596.26,669.54,600.0,41.37,41.37,1
2026-09-01 10:00:00,2026-09-01 12:00:00,2,analysis,replay,769.12,681.8,822.94,891.0,-121.88,121.88,0
2026-09-01 10:00:00,2026-09-01 12:00:00,2,era5,replay,769.12,681.8,822.94,729.0,40.12,40.12,1
2026-09-01 10:00:00,2026-09-01 13:00:00,3,analysis,replay,808.4,670.6,891.39,975.0,-166.6,166.6,0
2026-09-01 10:00:00,2026-09-01 13:00:00,3,era5,replay,808.4,670.6,891.39,753.0,55.4,55.4,1
2026-09-01 11:00:00,2026-09-01 12:00:00,1,analysis,replay,752.06,703.04,794.63,891.0,-138.94,138.94,0
2026-09-01 11:00:00,2026-09-01 12:00:00,1,era5,replay,752.06,703.04,794.63,729.0,23.06,23.06,1
2026-09-01 11:00:00,2026-09-01 13:00:00,2,analysis,replay,788.15,668.63,874.21,975.0,-186.85,186.85,0
2026-09-01 11:00:00,2026-09-01 13:00:00,2,era5,replay,788.15,668.63,874.21,753.0,35.15,35.15,1
2026-09-01 11:00:00,2026-09-01 14:00:00,3,analysis,replay,754.5,609.97,875.88,980.0,-225.5,225.5,0
2026-09-01 11:00:00,2026-09-01 14:00:00,3,era5,replay,754.5,609.97,875.88,900.0,-145.5,145.5,0
2026-09-01 12:00:00,2026-09-01 13:00:00,1,analysis,replay,768.13,690.51,845.94,975.0,-206.87,206.87,0
2026-09-01 12:00:00,2026-09-01 13:00:00,1,era5,replay,768.13,690.51,845.94,753.0,15.13,15.13,1
2026-09-01 12:00:00,2026-09-01 14:00:00,2,analysis,replay,764.47,623.42,873.83,980.0,-215.53,215.53,0
2026-09-01 12:00:00,2026-09-01 14:00:00,2,era5,replay,764.47,623.42,873.83,900.0,-135.53,135.53,0
2026-09-01 12:00:00,2026-09-01 15:00:00,3,analysis,replay,679.61,513.57,804.92,912.0,-232.39,232.39,0
2026-09-01 12:00:00,2026-09-01 15:00:00,3,era5,replay,679.61,513.57,804.92,823.0,-143.39,143.39,0
2026-09-01 13:00:00,2026-09-01 14:00:00,1,analysis,replay,815.83,759.46,871.65,980.0,-164.17,164.17,0
2026-09-01 13:00:00,2026-09-01 14:00:00,1,era5,replay,815.83,759.46,871.65,900.0,-84.17,84.17,0
2026-09-01 13:00:00,2026-09-01 15:00:00,2,analysis,replay,696.29,585.61,805.55,912.0,-215.71,215.71,0
2026-09-01 13:00:00,2026-09-01 15:00:00,2,era5,replay,696.29,585.61,805.55,823.0,-126.71,126.71,0
2026-09-01 13:00:00,2026-09-01 16:00:00,3,analysis,replay,603.65,513.05,673.56,773.0,-169.35,169.35,0
2026-09-01 13:00:00,2026-09-01 16:00:00,3,era5,replay,603.65,513.05,673.56,612.0,-8.35,8.35,1
2026-09-01 14:00:00,2026-09-01 15:00:00,1,analysis,replay,778.33,776.29,782.26,912.0,-133.67,133.67,0
2026-09-01 14:00:00,2026-09-01 15:00:00,1,era5,replay,778.33,776.29,782.26,823.0,-44.67,44.67,0
2026-09-01 14:00:00,2026-09-01 16:00:00,2,analysis,replay,627.53,562.81,682.16,773.0,-145.47,145.47,0
2026-09-01 14:00:00,2026-09-01 16:00:00,2,era5,replay,627.53,562.81,682.16,612.0,15.53,15.53,1
2026-09-01 14:00:00,2026-09-01 17:00:00,3,analysis,replay,462.91,402.41,495.01,576.0,-113.09,113.09,0
2026-09-01 14:00:00,2026-09-01 17:00:00,3,era5,replay,462.91,402.41,495.01,425.0,37.91,37.91,1
2026-09-02 08:00:00,2026-09-02 09:00:00,1,analysis,replay,242.2,220.91,257.23,302.0,-59.8,59.8,0
2026-09-02 08:00:00,2026-09-02 09:00:00,1,era5,replay,242.2,220.91,257.23,240.0,2.2,2.2,1
2026-09-02 08:00:00,2026-09-02 10:00:00,2,analysis,replay,462.11,429.49,498.94,544.0,-81.89,81.89,0
2026-09-02 08:00:00,2026-09-02 10:00:00,2,era5,replay,462.11,429.49,498.94,457.0,5.11,5.11,1
2026-09-02 08:00:00,2026-09-02 11:00:00,3,analysis,replay,659.34,610.78,696.41,752.0,-92.66,92.66,0
2026-09-02 08:00:00,2026-09-02 11:00:00,3,era5,replay,659.34,610.78,696.41,653.0,6.34,6.34,1
2026-09-02 09:00:00,2026-09-02 10:00:00,1,analysis,replay,470.46,455.63,483.58,544.0,-73.54,73.54,0
2026-09-02 09:00:00,2026-09-02 10:00:00,1,era5,replay,470.46,455.63,483.58,457.0,13.46,13.46,1
2026-09-02 09:00:00,2026-09-02 11:00:00,2,analysis,replay,667.38,651.3,689.97,752.0,-84.62,84.62,0
2026-09-02 09:00:00,2026-09-02 11:00:00,2,era5,replay,667.38,651.3,689.97,653.0,14.38,14.38,1
2026-09-02 09:00:00,2026-09-02 12:00:00,3,analysis,replay,803.78,751.12,848.07,905.0,-101.22,101.22,0
2026-09-02 09:00:00,2026-09-02 12:00:00,3,era5,replay,803.78,751.12,848.07,791.0,12.78,12.78,1
2026-09-02 10:00:00,2026-09-02 11:00:00,1,analysis,replay,659.26,647.11,671.57,752.0,-92.74,92.74,0
2026-09-02 10:00:00,2026-09-02 11:00:00,1,era5,replay,659.26,647.11,671.57,653.0,6.26,6.26,1
2026-09-02 10:00:00,2026-09-02 12:00:00,2,analysis,replay,803.0,763.69,833.68,905.0,-102.0,102.0,0
2026-09-02 10:00:00,2026-09-02 12:00:00,2,era5,replay,803.0,763.69,833.68,791.0,12.0,12.0,1
2026-09-02 10:00:00,2026-09-02 13:00:00,3,analysis,replay,879.65,809.08,920.75,989.0,-109.35,109.35,0
2026-09-02 10:00:00,2026-09-02 13:00:00,3,era5,replay,879.65,809.08,920.75,796.0,83.65,83.65,0
2026-09-02 11:00:00,2026-09-02 12:00:00,1,analysis,replay,774.7,735.93,807.9,905.0,-130.3,130.3,0
2026-09-02 11:00:00,2026-09-02 12:00:00,1,era5,replay,774.7,735.93,807.9,791.0,-16.3,16.3,1
2026-09-02 11:00:00,2026-09-02 13:00:00,2,analysis,replay,866.7,779.01,911.65,989.0,-122.3,122.3,0
2026-09-02 11:00:00,2026-09-02 13:00:00,2,era5,replay,866.7,779.01,911.65,796.0,70.7,70.7,1
2026-09-02 11:00:00,2026-09-02 14:00:00,3,analysis,replay,850.07,741.45,905.51,995.0,-144.93,144.93,0
2026-09-02 11:00:00,2026-09-02 14:00:00,3,era5,replay,850.07,741.45,905.51,862.0,-11.93,11.93,1
2026-09-02 12:00:00,2026-09-02 13:00:00,1,analysis,replay,847.59,819.83,877.38,989.0,-141.41,141.41,0
2026-09-02 12:00:00,2026-09-02 13:00:00,1,era5,replay,847.59,819.83,877.38,796.0,51.59,51.59,0
2026-09-02 12:00:00,2026-09-02 14:00:00,2,analysis,replay,818.17,688.77,900.47,995.0,-176.83,176.83,0
2026-09-02 12:00:00,2026-09-02 14:00:00,2,era5,replay,818.17,688.77,900.47,862.0,-43.83,43.83,1
2026-09-02 12:00:00,2026-09-02 15:00:00,3,analysis,replay,740.39,630.53,816.11,918.0,-177.61,177.61,0
2026-09-02 12:00:00,2026-09-02 15:00:00,3,era5,replay,740.39,630.53,816.11,829.0,-88.61,88.61,0
2026-09-02 13:00:00,2026-09-02 14:00:00,1,analysis,replay,849.19,791.58,895.1,995.0,-145.81,145.81,0
2026-09-02 13:00:00,2026-09-02 14:00:00,1,era5,replay,849.19,791.58,895.1,862.0,-12.81,12.81,1
2026-09-02 13:00:00,2026-09-02 15:00:00,2,analysis,replay,774.51,689.92,832.79,918.0,-143.49,143.49,0
2026-09-02 13:00:00,2026-09-02 15:00:00,2,era5,replay,774.51,689.92,832.79,829.0,-54.49,54.49,1
2026-09-02 13:00:00,2026-09-02 16:00:00,3,analysis,replay,664.61,587.7,706.39,784.0,-119.39,119.39,0
2026-09-02 13:00:00,2026-09-02 16:00:00,3,era5,replay,664.61,587.7,706.39,690.0,-25.39,25.39,1
2026-09-02 14:00:00,2026-09-02 15:00:00,1,analysis,replay,807.39,775.72,839.47,918.0,-110.61,110.61,0
2026-09-02 14:00:00,2026-09-02 15:00:00,1,era5,replay,807.39,775.72,839.47,829.0,-21.61,21.61,1
2026-09-02 14:00:00,2026-09-02 16:00:00,2,analysis,replay,684.43,636.09,712.65,784.0,-99.57,99.57,0
2026-09-02 14:00:00,2026-09-02 16:00:00,2,era5,replay,684.43,636.09,712.65,690.0,-5.57,5.57,1
2026-09-02 14:00:00,2026-09-02 17:00:00,3,analysis,replay,481.67,431.62,514.2,586.0,-104.33,104.33,0
2026-09-02 14:00:00,2026-09-02 17:00:00,3,era5,replay,481.67,431.62,514.2,511.0,-29.33,29.33,1
2026-09-03 08:00:00,2026-09-03 09:00:00,1,analysis,replay,248.74,220.64,261.9,309.0,-60.26,60.26,0
2026-09-03 08:00:00,2026-09-03 09:00:00,1,era5,replay,248.74,220.64,261.9,238.0,10.74,10.74,1
2026-09-03 08:00:00,2026-09-03 10:00:00,2,analysis,replay,468.28,429.99,501.15,553.0,-84.72,84.72,0
2026-09-03 08:00:00,2026-09-03 10:00:00,2,era5,replay,468.28,429.99,501.15,443.0,25.28,25.28,1
2026-09-03 08:00:00,2026-09-03 11:00:00,3,analysis,replay,660.28,593.25,696.62,762.0,-101.72,101.72,0
2026-09-03 08:00:00,2026-09-03 11:00:00,3,era5,replay,660.28,593.25,696.62,652.0,8.28,8.28,1
2026-09-03 09:00:00,2026-09-03 10:00:00,1,analysis,replay,472.78,456.75,485.01,553.0,-80.22,80.22,0
2026-09-03 09:00:00,2026-09-03 10:00:00,1,era5,replay,472.78,456.75,485.01,443.0,29.78,29.78,0
2026-09-03 09:00:00,2026-09-03 11:00:00,2,analysis,replay,666.85,630.07,692.56,762.0,-95.15,95.15,0
2026-09-03 09:00:00,2026-09-03 11:00:00,2,era5,replay,666.85,630.07,692.56,652.0,14.85,14.85,1
2026-09-03 09:00:00,2026-09-03 12:00:00,3,analysis,replay,795.09,713.94,845.16,913.0,-117.91,117.91,0
2026-09-03 09:00:00,2026-09-03 12:00:00,3,era5,replay,795.09,713.94,845.16,814.0,-18.91,18.91,1
2026-09-03 10:00:00,2026-09-03 11:00:00,1,analysis,replay,656.28,632.47,674.08,762.0,-105.72,105.72,0
2026-09-03 10:00:00,2026-09-03 11:00:00,1,era5,replay,656.28,632.47,674.08,652.0,4.28,4.28,1
2026-09-03 10:00:00,2026-09-03 12:00:00,2,analysis,replay,805.4,758.01,841.06,913.0,-107.6,107.6,0
2026-09-03 10:00:00,2026-09-03 12:00:00,2,era5,replay,805.4,758.01,841.06,814.0,-8.6,8.6,1
2026-09-03 10:00:00,2026-09-03 13:00:00,3,analysis,replay,874.84,809.82,918.39,994.0,-119.16,119.16,0
2026-09-03 10:00:00,2026-09-03 13:00:00,3,era5,replay,874.84,809.82,918.39,896.0,-21.16,21.16,1
2026-09-03 11:00:00,2026-09-03 12:00:00,1,analysis,replay,789.32,770.48,821.31,913.0,-123.68,123.68,0
2026-09-03 11:00:00,2026-09-03 12:00:00,1,era5,replay,789.32,770.48,821.31,814.0,-24.68,24.68,1
2026-09-03 11:00:00,2026-09-03 13:00:00,2,analysis,replay,890.02,836.64,922.3,994.0,-103.98,103.98,0
2026-09-03 11:00:00,2026-09-03 13:00:00,2,era5,replay,890.02,836.64,922.3,896.0,-5.98,5.98,1
2026-09-03 11:00:00,2026-09-03 14:00:00,3,analysis,replay,880.32,802.44,917.63,998.0,-117.68,117.68,0
2026-09-03 11:00:00,2026-09-03 14:00:00,3,era5,replay,880.32,802.44,917.63,901.0,-20.68,20.68,1
2026-09-03 12:00:00,2026-09-03 13:00:00,1,analysis,replay,899.79,880.49,915.81,994.0,-94.21,94.21,0
2026-09-03 12:00:00,2026-09-03 13:00:00,1,era5,replay,899.79,880.49,915.81,896.0,3.79,3.79,1
2026-09-03 12:00:00,2026-09-03 14:00:00,2,analysis,replay,891.26,830.98,931.61,998.0,-106.74,106.74,0
2026-09-03 12:00:00,2026-09-03 14:00:00,2,era5,replay,891.26,830.98,931.61,901.0,-9.74,9.74,1
2026-09-03 12:00:00,2026-09-03 15:00:00,3,analysis,replay,815.13,730.66,857.61,931.0,-115.87,115.87,0
2026-09-03 12:00:00,2026-09-03 15:00:00,3,era5,replay,815.13,730.66,857.61,829.0,-13.87,13.87,1
2026-09-03 13:00:00,2026-09-03 14:00:00,1,analysis,replay,913.69,898.22,925.76,998.0,-84.31,84.31,0
2026-09-03 13:00:00,2026-09-03 14:00:00,1,era5,replay,913.69,898.22,925.76,901.0,12.69,12.69,1
2026-09-03 13:00:00,2026-09-03 15:00:00,2,analysis,replay,835.54,793.0,867.63,931.0,-95.46,95.46,0
2026-09-03 13:00:00,2026-09-03 15:00:00,2,era5,replay,835.54,793.0,867.63,829.0,6.54,6.54,1
2026-09-03 13:00:00,2026-09-03 16:00:00,3,analysis,replay,696.68,645.57,726.1,795.0,-98.32,98.32,0
2026-09-03 13:00:00,2026-09-03 16:00:00,3,era5,replay,696.68,645.57,726.1,663.0,33.68,33.68,1
2026-09-03 14:00:00,2026-09-03 15:00:00,1,analysis,replay,830.25,817.72,850.83,931.0,-100.75,100.75,0
2026-09-03 14:00:00,2026-09-03 15:00:00,1,era5,replay,830.25,817.72,850.83,829.0,1.25,1.25,1
2026-09-03 14:00:00,2026-09-03 16:00:00,2,analysis,replay,699.06,664.46,724.25,795.0,-95.94,95.94,0
2026-09-03 14:00:00,2026-09-03 16:00:00,2,era5,replay,699.06,664.46,724.25,663.0,36.06,36.06,0
2026-09-03 14:00:00,2026-09-03 17:00:00,3,analysis,replay,501.05,451.43,526.74,595.0,-93.95,93.95,0
2026-09-03 14:00:00,2026-09-03 17:00:00,3,era5,replay,501.05,451.43,526.74,509.0,-7.95,7.95,1
2026-09-04 08:00:00,2026-09-04 09:00:00,1,analysis,replay,245.51,217.17,263.24,309.0,-63.49,63.49,0
2026-09-04 08:00:00,2026-09-04 09:00:00,1,era5,replay,245.51,217.17,263.24,241.0,4.51,4.51,1
2026-09-04 08:00:00,2026-09-04 10:00:00,2,analysis,replay,457.06,404.5,497.48,554.0,-96.94,96.94,0
2026-09-04 08:00:00,2026-09-04 10:00:00,2,era5,replay,457.06,404.5,497.48,446.0,11.06,11.06,1
2026-09-04 08:00:00,2026-09-04 11:00:00,3,analysis,replay,645.39,550.76,688.01,762.0,-116.61,116.61,0
2026-09-04 08:00:00,2026-09-04 11:00:00,3,era5,replay,645.39,550.76,688.01,616.0,29.39,29.39,1
2026-09-04 09:00:00,2026-09-04 10:00:00,1,analysis,replay,443.39,408.82,470.64,554.0,-110.61,110.61,0
2026-09-04 09:00:00,2026-09-04 10:00:00,1,era5,replay,443.39,408.82,470.64,446.0,-2.61,2.61,1
2026-09-04 09:00:00,2026-09-04 11:00:00,2,analysis,replay,625.5,548.16,675.96,762.0,-136.5,136.5,0
2026-09-04 09:00:00,2026-09-04 11:00:00,2,era5,replay,625.5,548.16,675.96,616.0,9.5,9.5,1
2026-09-04 09:00:00,2026-09-04 12:00:00,3,analysis,replay,736.76,599.87,810.34,914.0,-177.24,177.24,0
2026-09-04 09:00:00,2026-09-04 12:00:00,3,era5,replay,736.76,599.87,810.34,771.0,-34.24,34.24,1
2026-09-04 10:00:00,2026-09-04 11:00:00,1,analysis,replay,612.69,566.16,652.5,762.0,-149.31,149.31,0
2026-09-04 10:00:00,2026-09-04 11:00:00,1,era5,replay,612.69,566.16,652.5,616.0,-3.31,3.31,1
2026-09-04 10:00:00,2026-09-04 12:00:00,2,analysis,replay,741.86,648.24,799.41,914.0,-172.14,172.14,0
2026-09-04 10:00:00,2026-09-04 12:00:00,2,era5,replay,741.86,648.24,799.41,771.0,-29.14,29.14,1
2026-09-04 10:00:00,2026-09-04 13:00:00,3,analysis,replay,812.19,671.79,882.41,996.0,-183.81,183.81,0
2026-09-04 10:00:00,2026-09-04 13:00:00,3,era5,replay,812.19,671.79,882.41,881.0,-68.81,68.81,1
2026-09-04 11:00:00,2026-09-04 12:00:00,1,analysis,replay,740.51,685.62,786.88,914.0,-173.49,173.49,0
2026-09-04 11:00:00,2026-09-04 12:00:00,1,era5,replay,740.51,685.62,786.88,771.0,-30.49,30.49,1
2026-09-04 11:00:00,2026-09-04 13:00:00,2,analysis,replay,810.32,703.76,883.13,996.0,-185.68,185.68,0
2026-09-04 11:00:00,2026-09-04 13:00:00,2,era5,replay,810.32,703.76,883.13,881.0,-70.68,70.68,1
2026-09-04 11:00:00,2026-09-04 14:00:00,3,analysis,replay,814.77,688.58,888.21,1000.0,-185.23,185.23,0
2026-09-04 11:00:00,2026-09-04 14:00:00,3,era5,replay,814.77,688.58,888.21,904.0,-89.23,89.23,0
2026-09-04 12:00:00,2026-09-04 13:00:00,1,analysis,replay,842.47,802.4,884.58,996.0,-153.53,153.53,0
2026-09-04 12:00:00,2026-09-04 13:00:00,1,era5,replay,842.47,802.4,884.58,881.0,-38.53,38.53,1
2026-09-04 12:00:00,2026-09-04 14:00:00,2,analysis,replay,855.96,761.74,905.34,1000.0,-144.04,144.04,0
2026-09-04 12:00:00,2026-09-04 14:00:00,2,era5,replay,855.96,761.74,905.34,904.0,-48.04,48.04,1
2026-09-04 12:00:00,2026-09-04 15:00:00,3,analysis,replay,779.29,672.8,839.52,927.0,-147.71,147.71,0
2026-09-04 12:00:00,2026-09-04 15:00:00,3,era5,replay,779.29,672.8,839.52,793.0,-13.71,13.71,1
2026-09-04 13:00:00,2026-09-04 14:00:00,1,analysis,replay,898.52,867.51,914.31,1000.0,-101.48,101.48,0
2026-09-04 13:00:00,2026-09-04 14:00:00,1,era5,replay,898.52,867.51,914.31,904.0,-5.48,5.48,1
2026-09-04 13:00:00,2026-09-04 15:00:00,2,analysis,replay,825.82,759.23,857.44,927.0,-101.18,101.18,0
2026-09-04 13:00:00,2026-09-04 15:00:00,2,era5,replay,825.82,759.23,857.44,793.0,32.82,32.82,1
2026-09-04 13:00:00,2026-09-04 16:00:00,3,analysis,replay,675.23,609.3,715.08,784.0,-108.77,108.77,0
2026-09-04 13:00:00,2026-09-04 16:00:00,3,era5,replay,675.23,609.3,715.08,683.0,-7.77,7.77,1
2026-09-04 14:00:00,2026-09-04 15:00:00,1,analysis,replay,828.59,810.37,857.41,927.0,-98.41,98.41,0
2026-09-04 14:00:00,2026-09-04 15:00:00,1,era5,replay,828.59,810.37,857.41,793.0,35.59,35.59,0
2026-09-04 14:00:00,2026-09-04 16:00:00,2,analysis,replay,699.06,662.53,724.79,784.0,-84.94,84.94,0
2026-09-04 14:00:00,2026-09-04 16:00:00,2,era5,replay,699.06,662.53,724.79,683.0,16.06,16.06,1
2026-09-04 14:00:00,2026-09-04 17:00:00,3,analysis,replay,505.22,469.8,528.73,582.0,-76.78,76.78,0
2026-09-04 14:00:00,2026-09-04 17:00:00,3,era5,replay,505.22,469.8,528.73,507.0,-1.78,1.78,1
2026-09-05 08:00:00,2026-09-05 09:00:00,1,analysis,replay,247.84,220.37,263.4,312.0,-64.16,64.16,0
2026-09-05 08:00:00,2026-09-05 09:00:00,1,era5,replay,247.84,220.37,263.4,242.0,5.84,5.84,1
2026-09-05 08:00:00,2026-09-05 10:00:00,2,analysis,replay,473.89,442.32,503.05,557.0,-83.11,83.11,0
2026-09-05 08:00:00,2026-09-05 10:00:00,2,era5,replay,473.89,442.32,503.05,465.0,8.89,8.89,1
2026-09-05 08:00:00,2026-09-05 11:00:00,3,analysis,replay,656.91,600.22,694.41,758.0,-101.09,101.09,0
2026-09-05 08:00:00,2026-09-05 11:00:00,3,era5,replay,656.91,600.22,694.41,667.0,-10.09,10.09,1
2026-09-05 09:00:00,2026-09-05 10:00:00,1,analysis,replay,465.71,458.71,483.92,557.0,-91.29,91.29,0
2026-09-05 09:00:00,2026-09-05 10:00:00,1,era5,replay,465.71,458.71,483.92,465.0,0.71,0.71,1
2026-09-05 09:00:00,2026-09-05 11:00:00,2,analysis,replay,671.95,642.15,694.79,758.0,-86.05,86.05,0
2026-09-05 09:00:00,2026-09-05 11:00:00,2,era5,replay,671.95,642.15,694.79,667.0,4.95,4.95,1
2026-09-05 09:00:00,2026-09-05 12:00:00,3,analysis,replay,798.96,722.49,844.62,917.0,-118.04,118.04,0
2026-09-05 09:00:00,2026-09-05 12:00:00,3,era5,replay,798.96,722.49,844.62,803.0,-4.04,4.04,1
2026-09-05 10:00:00,2026-09-05 11:00:00,1,analysis,replay,664.53,646.91,677.15,758.0,-93.47,93.47,0
2026-09-05 10:00:00,2026-09-05 11:00:00,1,era5,replay,664.53,646.91,677.15,667.0,-2.47,2.47,1
2026-09-05 10:00:00,2026-09-05 12:00:00,2,analysis,replay,811.12,762.8,844.95,917.0,-105.88,105.88,0
2026-09-05 10:00:00,2026-09-05 12:00:00,2,era5,replay,811.12,762.8,844.95,803.0,8.12,8.12,1
2026-09-05 10:00:00,2026-09-05 13:00:00,3,analysis,replay,876.27,788.63,921.59,998.0,-121.73,121.73,0
2026-09-05 10:00:00,2026-09-05 13:00:00,3,era5,replay,876.27,788.63,921.59,879.0,-2.73,2.73,1
2026-09-05 11:00:00,2026-09-05 12:00:00,1,analysis,replay,814.77,795.97,837.22,917.0,-102.23,102.23,0
2026-09-05 11:00:00,2026-09-05 12:00:00,1,era5,replay,814.77,795.97,837.22,803.0,11.77,11.77,1
2026-09-05 11:00:00,2026-09-05 13:00:00,2,analysis,replay,890.58,839.01,929.41,998.0,-107.42,107.42,0
2026-09-05 11:00:00,2026-09-05 13:00:00,2,era5,replay,890.58,839.01,929.41,879.0,11.58,11.58,1
2026-09-05 11:00:00,2026-09-05 14:00:00,3,analysis,replay,876.8,791.23,926.52,1003.0,-126.2,126.2,0
2026-09-05 11:00:00,2026-09-05 14:00:00,3,era5,replay,876.8,791.23,926.52,886.0,-9.2,9.2,1
2026-09-05 12:00:00,2026-09-05 13:00:00,1,analysis,replay,891.23,868.99,906.71,998.0,-106.77,106.77,0
2026-09-05 12:00:00,2026-09-05 13:00:00,1,era5,replay,891.23,868.99,906.71,879.0,12.23,12.23,1
2026-09-05 12:00:00,2026-09-05 14:00:00,2,analysis,replay,884.21,821.58,930.98,1003.0,-118.79,118.79,0
2026-09-05 12:00:00,2026-09-05 14:00:00,2,era5,replay,884.21,821.58,930.98,886.0,-1.79,1.79,1
2026-09-05 12:00:00,2026-09-05 15:00:00,3,analysis,replay,824.12,736.56,858.4,929.0,-104.88,104.88,0
2026-09-05 12:00:00,2026-09-05 15:00:00,3,era5,replay,824.12,736.56,858.4,828.0,-3.88,3.88,1
2026-09-05 13:00:00,2026-09-05 14:00:00,1,analysis,replay,904.77,872.59,924.0,1003.0,-98.23,98.23,0
2026-09-05 13:00:00,2026-09-05 14:00:00,1,era5,replay,904.77,872.59,924.0,886.0,18.77,18.77,1
2026-09-05 13:00:00,2026-09-05 15:00:00,2,analysis,replay,824.27,750.5,858.11,929.0,-104.73,104.73,0
2026-09-05 13:00:00,2026-09-05 15:00:00,2,era5,replay,824.27,750.5,858.11,828.0,-3.73,3.73,1
2026-09-05 13:00:00,2026-09-05 16:00:00,3,analysis,replay,677.35,598.93,716.18,783.0,-105.65,105.65,0
2026-09-05 13:00:00,2026-09-05 16:00:00,3,era5,replay,677.35,598.93,716.18,690.0,-12.65,12.65,1
2026-09-05 14:00:00,2026-09-05 15:00:00,1,analysis,replay,822.03,794.03,846.42,929.0,-106.97,106.97,0
2026-09-05 14:00:00,2026-09-05 15:00:00,1,era5,replay,822.03,794.03,846.42,828.0,-5.97,5.97,1
2026-09-05 14:00:00,2026-09-05 16:00:00,2,analysis,replay,685.01,643.06,714.56,783.0,-97.99,97.99,0
2026-09-05 14:00:00,2026-09-05 16:00:00,2,era5,replay,685.01,643.06,714.56,690.0,-4.99,4.99,1
2026-09-05 14:00:00,2026-09-05 17:00:00,3,analysis,replay,494.41,433.11,519.39,582.0,-87.59,87.59,0
2026-09-05 14:00:00,2026-09-05 17:00:00,3,era5,replay,494.41,433.11,519.39,497.0,-2.59,2.59,1
2026-09-14 15:00:00,2026-09-14 16:00:00,1,analysis,live,558.36,445.84,636.54,704.0,-145.64,145.64,0
2026-09-14 15:00:00,2026-09-14 17:00:00,2,analysis,live,375.18,259.38,448.92,449.0,-73.82,73.82,0
2026-09-14 15:00:00,2026-09-14 18:00:00,3,analysis,live,204.23,146.71,242.04,323.0,-118.77,118.77,0
2026-09-14 16:00:00,2026-09-14 17:00:00,1,analysis,live,416.09,345.85,444.2,449.0,-32.91,32.91,0
2026-09-14 16:00:00,2026-09-14 18:00:00,2,analysis,live,204.63,145.51,237.53,323.0,-118.37,118.37,0
2026-09-14 16:00:00,2026-09-14 19:00:00,3,analysis,live,38.12,27.67,44.45,82.0,-43.88,43.88,0
